dataset,min_rr,fvg_lookback,pm_big_day_range_atr,min_stop_atr,bias_min_score,min_confs,require_fvg_tap,accum_minutes,target_mode,hours,trades,total_R,avg_R,win_rate,is_trades,is_total_R,is_avg_R,is_win_rate,oos_trades,oos_total_R,oos_avg_R,oos_win_rate,split_date
ES_15m,2.0,24,0.75,0.25,1.0,1,True,15,pdh_pdl,10,15,-4.24,-0.282,33.3,11,-1.48,-0.135,45.5,4,-2.76,-0.689,0.0,2025-07-26
ES_15m,2.0,24,0.75,0.25,1.0,1,True,15,pdh_pdl,"10,14",19,-4.05,-0.213,36.8,13,-1.59,-0.122,46.2,6,-2.47,-0.411,16.7,2025-07-26
ES_15m,2.0,24,0.75,0.25,1.0,1,True,15,rr,10,62,-4.99,-0.081,40.3,37,-6.3,-0.17,40.5,25,1.3,0.052,40.0,2025-07-26
ES_15m,2.0,24,0.75,0.25,1.0,1,True,15,rr,"10,14",85,-6.68,-0.079,40.0,51,-9.75,-0.191,37.3,34,3.07,0.09,44.1,2025-07-26
ES_15m,2.0,24,0.75,0.25,1.0,1,True,30,pdh_pdl,10,11,-5.5,-0.5,27.3,9,-4.17,-0.464,33.3,2,-1.33,-0.665,0.0,2025-07-26
ES_15m,2.0,24,0.75,0.25,1.0,1,True,30,pdh_pdl,"10,14",13,-6.95,-0.535,23.1,10,-5.22,-0.522,30.0,3,-1.73,-0.577,0.0,2025-07-26
ES_15m,2.0,24,0.75,0.25,1.0,1,True,30,rr,10,54,-6.43,-0.119,40.7,35,-5.04,-0.144,42.9,19,-1.4,-0.074,36.8,2025-07-26
ES_15m,2.0,24,0.75,0.25,1.0,1,True,30,rr,"10,14",67,-10.25,-0.153,38.8,43,-7.52,-0.175,39.5,24,-2.73,-0.114,37.5,2025-07-26
ES_15m,2.0,24,0.75,0.25,1.0,1,True,60,pdh_pdl,10,6,-4.26,-0.71,16.7,5,-3.22,-0.643,20.0,1,-1.04,-1.041,0.0,2025-07-26
ES_15m,2.0,24,0.75,0.25,1.0,1,True,60,pdh_pdl,"10,14",6,-4.26,-0.71,16.7,5,-3.22,-0.643,20.0,1,-1.04,-1.041,0.0,2025-07-26
ES_15m,2.0,24,0.75,0.25,1.0,1,True,60,rr,10,40,-1.26,-0.031,47.5,21,-0.77,-0.037,52.4,19,-0.49,-0.026,42.1,2025-07-26
ES_15m,2.0,24,0.75,0.25,1.0,1,True,60,rr,"10,14",42,-1.24,-0.03,47.6,23,-0.75,-0.033,52.2,19,-0.49,-0.026,42.1,2025-07-26
ES_15m,2.0,24,0.75,0.25,1.0,1,False,15,pdh_pdl,10,68,-6.0,-0.088,44.1,45,4.31,0.096,53.3,23,-10.31,-0.448,26.1,2025-07-26
ES_15m,2.0,24,0.75,0.25,1.0,1,False,15,pdh_pdl,"10,14",77,-6.63,-0.086,45.5,48,4.65,0.097,54.2,29,-11.28,-0.389,31.0,2025-07-26
ES_15m,2.0,24,0.75,0.25,1.0,1,False,15,rr,10,206,-8.39,-0.041,43.7,122,0.09,0.001,46.7,84,-8.48,-0.101,39.3,2025-07-26
ES_15m,2.0,24,0.75,0.25,1.0,1,False,15,rr,"10,14",248,-8.64,-0.035,45.2,146,-2.15,-0.015,46.6,102,-6.49,-0.064,43.1,2025-07-26
ES_15m,2.0,24,0.75,0.25,1.0,1,False,30,pdh_pdl,10,62,-4.48,-0.072,45.2,41,3.74,0.091,53.7,21,-8.22,-0.392,28.6,2025-07-26
ES_15m,2.0,24,0.75,0.25,1.0,1,False,30,pdh_pdl,"10,14",68,-5.6,-0.082,45.6,43,3.26,0.076,53.5,25,-8.86,-0.355,32.0,2025-07-26
ES_15m,2.0,24,0.75,0.25,1.0,1,False,30,rr,10,173,-11.5,-0.066,42.2,104,-1.71,-0.016,46.2,69,-9.78,-0.142,36.2,2025-07-26
ES_15m,2.0,24,0.75,0.25,1.0,1,False,30,rr,"10,14",203,-13.48,-0.066,43.3,122,-3.47,-0.028,45.9,81,-10.01,-0.124,39.5,2025-07-26
ES_15m,2.0,24,0.75,0.25,1.0,1,False,60,pdh_pdl,10,45,-9.58,-0.213,40.0,27,-1.88,-0.07,51.9,18,-7.69,-0.427,22.2,2025-07-26
ES_15m,2.0,24,0.75,0.25,1.0,1,False,60,pdh_pdl,"10,14",46,-9.46,-0.206,41.3,28,-1.76,-0.063,53.6,18,-7.69,-0.427,22.2,2025-07-26
ES_15m,2.0,24,0.75,0.25,1.0,1,False,60,rr,10,129,-11.11,-0.086,45.0,73,-2.3,-0.031,52.1,56,-8.81,-0.157,35.7,2025-07-26
ES_15m,2.0,24,0.75,0.25,1.0,1,False,60,rr,"10,14",139,-12.88,-0.093,44.6,82,-3.95,-0.048,51.2,57,-8.93,-0.157,35.1,2025-07-26
ES_15m,2.0,24,0.75,0.25,1.0,2,True,15,pdh_pdl,10,7,-4.25,-0.608,28.6,6,-3.22,-0.537,33.3,1,-1.03,-1.031,0.0,2025-07-26
ES_15m,2.0,24,0.75,0.25,1.0,2,True,15,pdh_pdl,"10,14",10,-5.01,-0.501,30.0,7,-4.27,-0.61,28.6,3,-0.74,-0.247,33.3,2025-07-26
ES_15m,2.0,24,0.75,0.25,1.0,2,True,15,rr,10,42,-3.18,-0.076,50.0,27,-5.03,-0.186,48.1,15,1.86,0.124,53.3,2025-07-26
ES_15m,2.0,24,0.75,0.25,1.0,2,True,15,rr,"10,14",61,-8.73,-0.143,42.6,38,-9.32,-0.245,39.5,23,0.59,0.026,47.8,2025-07-26
ES_15m,2.0,24,0.75,0.25,1.0,2,True,30,pdh_pdl,10,6,-3.22,-0.537,33.3,6,-3.22,-0.537,33.3,0,0.0,0.0,0.0,2025-07-26
ES_15m,2.0,24,0.75,0.25,1.0,2,True,30,pdh_pdl,"10,14",8,-4.67,-0.584,25.0,7,-4.27,-0.61,28.6,1,-0.4,-0.401,0.0,2025-07-26
ES_15m,2.0,24,0.75,0.25,1.0,2,True,30,rr,10,38,-2.97,-0.078,52.6,27,-3.4,-0.126,51.9,11,0.43,0.039,54.5,2025-07-26
ES_15m,2.0,24,0.75,0.25,1.0,2,True,30,rr,"10,14",49,-6.4,-0.131,46.9,34,-5.44,-0.16,47.1,15,-0.96,-0.064,46.7,2025-07-26
ES_15m,2.0,24,0.75,0.25,1.0,2,True,60,pdh_pdl,10,3,-3.12,-1.041,0.0,2,-2.08,-1.041,0.0,1,-1.04,-1.041,0.0,2025-07-26
ES_15m,2.0,24,0.75,0.25,1.0,2,True,60,pdh_pdl,"10,14",3,-3.12,-1.041,0.0,2,-2.08,-1.041,0.0,1,-1.04,-1.041,0.0,2025-07-26
ES_15m,2.0,24,0.75,0.25,1.0,2,True,60,rr,10,28,-4.11,-0.147,50.0,16,-3.5,-0.219,50.0,12,-0.61,-0.051,50.0,2025-07-26
ES_15m,2.0,24,0.75,0.25,1.0,2,True,60,rr,"10,14",30,-4.1,-0.137,50.0,18,-3.49,-0.194,50.0,12,-0.61,-0.051,50.0,2025-07-26
ES_15m,2.0,24,0.75,0.25,1.0,2,False,15,pdh_pdl,10,28,-4.41,-0.158,39.3,21,-1.01,-0.048,47.6,7,-3.4,-0.486,14.3,2025-07-26
ES_15m,2.0,24,0.75,0.25,1.0,2,False,15,pdh_pdl,"10,14",36,-4.75,-0.132,44.4,23,0.16,0.007,52.2,13,-4.91,-0.378,30.8,2025-07-26
ES_15m,2.0,24,0.75,0.25,1.0,2,False,15,rr,10,136,-5.24,-0.039,44.9,80,1.87,0.023,53.8,56,-7.11,-0.127,32.1,2025-07-26
ES_15m,2.0,24,0.75,0.25,1.0,2,False,15,rr,"10,14",170,-7.79,-0.046,47.1,97,0.7,0.007,53.6,73,-8.49,-0.116,38.4,2025-07-26
ES_15m,2.0,24,0.75,0.25,1.0,2,False,30,pdh_pdl,10,24,-3.25,-0.135,37.5,18,-0.87,-0.048,44.4,6,-2.37,-0.396,16.7,2025-07-26
ES_15m,2.0,24,0.75,0.25,1.0,2,False,30,pdh_pdl,"10,14",28,-4.42,-0.158,39.3,18,-0.87,-0.048,44.4,10,-3.55,-0.355,30.0,2025-07-26
ES_15m,2.0,24,0.75,0.25,1.0,2,False,30,rr,10,106,-8.28,-0.078,43.4,65,-0.77,-0.012,52.3,41,-7.51,-0.183,29.3,2025-07-26
ES_15m,2.0,24,0.75,0.25,1.0,2,False,30,rr,"10,14",129,-10.93,-0.085,45.7,77,-1.1,-0.014,53.2,52,-9.83,-0.189,34.6,2025-07-26
ES_15m,2.0,24,0.75,0.25,1.0,2,False,60,pdh_pdl,10,16,-3.72,-0.232,37.5,10,-1.34,-0.134,50.0,6,-2.37,-0.396,16.7,2025-07-26
ES_15m,2.0,24,0.75,0.25,1.0,2,False,60,pdh_pdl,"10,14",16,-3.72,-0.232,37.5,10,-1.34,-0.134,50.0,6,-2.37,-0.396,16.7,2025-07-26
ES_15m,2.0,24,0.75,0.25,1.0,2,False,60,rr,10,72,-7.2,-0.1,47.2,41,-1.83,-0.045,58.5,31,-5.37,-0.173,32.3,2025-07-26
ES_15m,2.0,24,0.75,0.25,1.0,2,False,60,rr,"10,14",77,-7.24,-0.094,48.1,46,-1.87,-0.041,58.7,31,-5.37,-0.173,32.3,2025-07-26
ES_15m,2.0,24,0.75,0.25,1.0,3,True,15,pdh_pdl,10,1,0.43,0.434,100.0,1,0.43,0.434,100.0,0,0.0,0.0,0.0,2025-07-26
ES_15m,2.0,24,0.75,0.25,1.0,3,True,15,pdh_pdl,"10,14",2,-0.6,-0.3,50.0,2,-0.6,-0.3,50.0,0,0.0,0.0,0.0,2025-07-26
ES_15m,2.0,24,0.75,0.25,1.0,3,True,15,rr,10,13,2.37,0.183,76.9,8,-1.19,-0.148,62.5,5,3.56,0.712,100.0,2025-07-26
ES_15m,2.0,24,0.75,0.25,1.0,3,True,15,rr,"10,14",15,0.53,0.035,66.7,10,-3.03,-0.303,50.0,5,3.56,0.712,100.0,2025-07-26
ES_15m,2.0,24,0.75,0.25,1.0,3,True,30,pdh_pdl,10,1,0.43,0.434,100.0,1,0.43,0.434,100.0,0,0.0,0.0,0.0,2025-07-26
ES_15m,2.0,24,0.75,0.25,1.0,3,True,30,pdh_pdl,"10,14",2,-0.6,-0.3,50.0,2,-0.6,-0.3,50.0,0,0.0,0.0,0.0,2025-07-26
ES_15m,2.0,24,0.75,0.25,1.0,3,True,30,rr,10,13,1.65,0.127,76.9,10,0.06,0.006,70.0,3,1.58,0.528,100.0,2025-07-26
ES_15m,2.0,24,0.75,0.25,1.0,3,True,30,rr,"10,14",15,-0.2,-0.013,66.7,12,-1.78,-0.148,58.3,3,1.58,0.528,100.0,2025-07-26
ES_15m,2.0,24,0.75,0.25,1.0,3,True,60,pdh_pdl,10,1,-1.04,-1.041,0.0,0,0.0,0.0,0.0,1,-1.04,-1.041,0.0,2025-07-26
ES_15m,2.0,24,0.75,0.25,1.0,3,True,60,pdh_pdl,"10,14",1,-1.04,-1.041,0.0,0,0.0,0.0,0.0,1,-1.04,-1.041,0.0,2025-07-26
ES_15m,2.0,24,0.75,0.25,1.0,3,True,60,rr,10,9,2.2,0.245,88.9,5,1.66,0.332,100.0,4,0.54,0.135,75.0,2025-07-26
ES_15m,2.0,24,0.75,0.25,1.0,3,True,60,rr,"10,14",9,2.2,0.245,88.9,5,1.66,0.332,100.0,4,0.54,0.135,75.0,2025-07-26
ES_15m,2.0,24,0.75,0.25,1.0,3,False,15,pdh_pdl,10,4,-1.0,-0.25,50.0,3,0.04,0.013,66.7,1,-1.04,-1.041,0.0,2025-07-26
ES_15m,2.0,24,0.75,0.25,1.0,3,False,15,pdh_pdl,"10,14",7,-1.0,-0.143,42.9,6,0.04,0.006,50.0,1,-1.04,-1.041,0.0,2025-07-26
ES_15m,2.0,24,0.75,0.25,1.0,3,False,15,rr,10,36,1.83,0.051,58.3,22,-1.41,-0.064,50.0,14,3.24,0.232,71.4,2025-07-26
ES_15m,2.0,24,0.75,0.25,1.0,3,False,15,rr,"10,14",44,2.27,0.052,59.1,27,-2.03,-0.075,48.1,17,4.3,0.253,76.5,2025-07-26
ES_15m,2.0,24,0.75,0.25,1.0,3,False,30,pdh_pdl,10,4,-1.0,-0.25,50.0,3,0.04,0.013,66.7,1,-1.04,-1.041,0.0,2025-07-26
ES_15m,2.0,24,0.75,0.25,1.0,3,False,30,pdh_pdl,"10,14",6,-0.96,-0.16,50.0,5,0.08,0.016,60.0,1,-1.04,-1.041,0.0,2025-07-26
ES_15m,2.0,24,0.75,0.25,1.0,3,False,30,rr,10,31,-0.55,-0.018,54.8,21,-0.82,-0.039,52.4,10,0.27,0.027,60.0,2025-07-26
ES_15m,2.0,24,0.75,0.25,1.0,3,False,30,rr,"10,14",37,-0.85,-0.023,56.8,25,-1.4,-0.056,52.0,12,0.55,0.046,66.7,2025-07-26
ES_15m,2.0,24,0.75,0.25,1.0,3,False,60,pdh_pdl,10,2,-1.52,-0.762,0.0,1,-0.48,-0.482,0.0,1,-1.04,-1.041,0.0,2025-07-26
ES_15m,2.0,24,0.75,0.25,1.0,3,False,60,pdh_pdl,"10,14",2,-1.52,-0.762,0.0,1,-0.48,-0.482,0.0,1,-1.04,-1.041,0.0,2025-07-26
ES_15m,2.0,24,0.75,0.25,1.0,3,False,60,rr,10,22,0.89,0.041,50.0,14,0.39,0.028,42.9,8,0.5,0.063,62.5,2025-07-26
ES_15m,2.0,24,0.75,0.25,1.0,3,False,60,rr,"10,14",22,0.89,0.041,50.0,14,0.39,0.028,42.9,8,0.5,0.063,62.5,2025-07-26
ES_15m,2.0,24,0.75,0.25,2.0,1,True,15,pdh_pdl,10,11,-6.25,-0.569,27.3,8,-3.73,-0.466,37.5,3,-2.53,-0.842,0.0,2025-07-26
ES_15m,2.0,24,0.75,0.25,2.0,1,True,15,pdh_pdl,"10,14",14,-6.76,-0.483,28.6,10,-3.84,-0.384,40.0,4,-2.93,-0.732,0.0,2025-07-26
ES_15m,2.0,24,0.75,0.25,2.0,1,True,15,rr,10,51,-7.65,-0.15,37.3,28,-9.02,-0.322,35.7,23,1.37,0.06,39.1,2025-07-26
ES_15m,2.0,24,0.75,0.25,2.0,1,True,15,rr,"10,14",65,-9.95,-0.153,35.4,38,-11.76,-0.31,34.2,27,1.81,0.067,37.0,2025-07-26
ES_15m,2.0,24,0.75,0.25,2.0,1,True,30,pdh_pdl,10,8,-5.37,-0.672,25.0,7,-4.27,-0.611,28.6,1,-1.1,-1.1,0.0,2025-07-26
ES_15m,2.0,24,0.75,0.25,2.0,1,True,30,pdh_pdl,"10,14",10,-6.82,-0.682,20.0,8,-5.32,-0.665,25.0,2,-1.5,-0.75,0.0,2025-07-26
ES_15m,2.0,24,0.75,0.25,2.0,1,True,30,rr,10,43,-10.76,-0.25,34.9,26,-9.43,-0.363,34.6,17,-1.33,-0.078,35.3,2025-07-26
ES_15m,2.0,24,0.75,0.25,2.0,1,True,30,rr,"10,14",50,-14.45,-0.289,32.0,31,-11.69,-0.377,32.3,19,-2.76,-0.145,31.6,2025-07-26
ES_15m,2.0,24,0.75,0.25,2.0,1,True,60,pdh_pdl,10,5,-3.74,-0.749,20.0,4,-2.7,-0.676,25.0,1,-1.04,-1.041,0.0,2025-07-26
ES_15m,2.0,24,0.75,0.25,2.0,1,True,60,pdh_pdl,"10,14",5,-3.74,-0.749,20.0,4,-2.7,-0.676,25.0,1,-1.04,-1.041,0.0,2025-07-26
ES_15m,2.0,24,0.75,0.25,2.0,1,True,60,rr,10,33,-4.72,-0.143,42.4,15,-4.07,-0.271,46.7,18,-0.65,-0.036,38.9,2025-07-26
ES_15m,2.0,24,0.75,0.25,2.0,1,True,60,rr,"10,14",35,-4.71,-0.134,42.9,17,-4.05,-0.238,47.1,18,-0.65,-0.036,38.9,2025-07-26
ES_15m,2.0,24,0.75,0.25,2.0,1,False,15,pdh_pdl,10,42,-5.89,-0.14,40.5,30,0.89,0.03,46.7,12,-6.78,-0.565,25.0,2025-07-26
ES_15m,2.0,24,0.75,0.25,2.0,1,False,15,pdh_pdl,"10,14",49,-5.37,-0.109,42.9,33,2.05,0.062,48.5,16,-7.42,-0.464,31.2,2025-07-26
ES_15m,2.0,24,0.75,0.25,2.0,1,False,15,rr,10,148,-8.86,-0.06,42.6,87,-5.93,-0.068,43.7,61,-2.93,-0.048,41.0,2025-07-26
ES_15m,2.0,24,0.75,0.25,2.0,1,False,15,rr,"10,14",180,-7.5,-0.042,44.4,106,-6.48,-0.061,44.3,74,-1.02,-0.014,44.6,2025-07-26
ES_15m,2.0,24,0.75,0.25,2.0,1,False,30,pdh_pdl,10,36,-4.37,-0.121,41.7,26,0.32,0.012,46.2,10,-4.69,-0.469,30.0,2025-07-26
ES_15m,2.0,24,0.75,0.25,2.0,1,False,30,pdh_pdl,"10,14",42,-4.67,-0.111,42.9,28,0.66,0.024,46.4,14,-5.33,-0.381,35.7,2025-07-26
ES_15m,2.0,24,0.75,0.25,2.0,1,False,30,rr,10,122,-16.5,-0.135,38.5,74,-11.58,-0.156,39.2,48,-4.92,-0.103,37.5,2025-07-26
ES_15m,2.0,24,0.75,0.25,2.0,1,False,30,rr,"10,14",143,-16.18,-0.113,40.6,87,-11.64,-0.134,40.2,56,-4.54,-0.081,41.1,2025-07-26
ES_15m,2.0,24,0.75,0.25,2.0,1,False,60,pdh_pdl,10,26,-5.78,-0.222,42.3,17,-1.47,-0.087,52.9,9,-4.31,-0.479,22.2,2025-07-26
ES_15m,2.0,24,0.75,0.25,2.0,1,False,60,pdh_pdl,"10,14",26,-5.78,-0.222,42.3,17,-1.47,-0.087,52.9,9,-4.31,-0.479,22.2,2025-07-26
ES_15m,2.0,24,0.75,0.25,2.0,1,False,60,rr,10,93,-10.59,-0.114,44.1,53,-7.11,-0.134,47.2,40,-3.47,-0.087,40.0,2025-07-26
ES_15m,2.0,24,0.75,0.25,2.0,1,False,60,rr,"10,14",100,-12.08,-0.121,44.0,60,-8.61,-0.143,46.7,40,-3.47,-0.087,40.0,2025-07-26
ES_15m,2.0,24,0.75,0.25,2.0,2,True,15,pdh_pdl,10,6,-4.69,-0.781,16.7,5,-3.66,-0.731,20.0,1,-1.03,-1.031,0.0,2025-07-26
ES_15m,2.0,24,0.75,0.25,2.0,2,True,15,pdh_pdl,"10,14",8,-6.13,-0.767,12.5,6,-4.7,-0.784,16.7,2,-1.43,-0.716,0.0,2025-07-26
ES_15m,2.0,24,0.75,0.25,2.0,2,True,15,rr,10,35,-2.0,-0.057,51.4,20,-3.85,-0.193,50.0,15,1.86,0.124,53.3,2025-07-26
ES_15m,2.0,24,0.75,0.25,2.0,2,True,15,rr,"10,14",46,-7.54,-0.164,43.5,27,-7.46,-0.276,40.7,19,-0.08,-0.004,47.4,2025-07-26
ES_15m,2.0,24,0.75,0.25,2.0,2,True,30,pdh_pdl,10,5,-3.66,-0.731,20.0,5,-3.66,-0.731,20.0,0,0.0,0.0,0.0,2025-07-26
ES_15m,2.0,24,0.75,0.25,2.0,2,True,30,pdh_pdl,"10,14",7,-5.1,-0.729,14.3,6,-4.7,-0.784,16.7,1,-0.4,-0.401,0.0,2025-07-26
ES_15m,2.0,24,0.75,0.25,2.0,2,True,30,rr,10,30,-3.92,-0.131,50.0,19,-4.35,-0.229,47.4,11,0.43,0.039,54.5,2025-07-26
ES_15m,2.0,24,0.75,0.25,2.0,2,True,30,rr,"10,14",36,-7.19,-0.2,44.4,23,-6.19,-0.269,43.5,13,-1.0,-0.077,46.2,2025-07-26
ES_15m,2.0,24,0.75,0.25,2.0,2,True,60,pdh_pdl,10,3,-3.12,-1.041,0.0,2,-2.08,-1.041,0.0,1,-1.04,-1.041,0.0,2025-07-26
ES_15m,2.0,24,0.75,0.25,2.0,2,True,60,pdh_pdl,"10,14",3,-3.12,-1.041,0.0,2,-2.08,-1.041,0.0,1,-1.04,-1.041,0.0,2025-07-26
ES_15m,2.0,24,0.75,0.25,2.0,2,True,60,rr,10,23,-5.13,-0.223,47.8,11,-4.51,-0.41,45.5,12,-0.61,-0.051,50.0,2025-07-26
ES_15m,2.0,24,0.75,0.25,2.0,2,True,60,rr,"10,14",25,-5.11,-0.204,48.0,13,-4.5,-0.346,46.2,12,-0.61,-0.051,50.0,2025-07-26
ES_15m,2.0,24,0.75,0.25,2.0,2,False,15,pdh_pdl,10,19,-4.35,-0.229,36.8,14,-1.48,-0.106,42.9,5,-2.87,-0.574,20.0,2025-07-26
ES_15m,2.0,24,0.75,0.25,2.0,2,False,15,pdh_pdl,"10,14",24,-4.7,-0.196,41.7,15,-0.66,-0.044,46.7,9,-4.04,-0.449,33.3,2025-07-26
ES_15m,2.0,24,0.75,0.25,2.0,2,False,15,rr,10,101,-0.77,-0.008,46.5,57,2.45,0.043,56.1,44,-3.22,-0.073,34.1,2025-07-26
ES_15m,2.0,24,0.75,0.25,2.0,2,False,15,rr,"10,14",126,-3.14,-0.025,49.2,70,1.28,0.018,55.7,56,-4.42,-0.079,41.1,2025-07-26
ES_15m,2.0,24,0.75,0.25,2.0,2,False,30,pdh_pdl,10,15,-3.18,-0.212,33.3,11,-1.35,-0.122,36.4,4,-1.84,-0.46,25.0,2025-07-26
ES_15m,2.0,24,0.75,0.25,2.0,2,False,30,pdh_pdl,"10,14",19,-4.36,-0.229,36.8,11,-1.35,-0.122,36.4,8,-3.01,-0.376,37.5,2025-07-26
ES_15m,2.0,24,0.75,0.25,2.0,2,False,30,rr,10,76,-7.46,-0.098,43.4,45,-2.93,-0.065,51.1,31,-4.54,-0.146,32.3,2025-07-26
ES_15m,2.0,24,0.75,0.25,2.0,2,False,30,rr,"10,14",92,-9.3,-0.101,46.7,53,-3.25,-0.061,52.8,39,-6.05,-0.155,38.5,2025-07-26
ES_15m,2.0,24,0.75,0.25,2.0,2,False,60,pdh_pdl,10,9,-3.42,-0.38,33.3,5,-1.58,-0.316,40.0,4,-1.84,-0.46,25.0,2025-07-26
ES_15m,2.0,24,0.75,0.25,2.0,2,False,60,pdh_pdl,"10,14",9,-3.42,-0.38,33.3,5,-1.58,-0.316,40.0,4,-1.84,-0.46,25.0,2025-07-26
ES_15m,2.0,24,0.75,0.25,2.0,2,False,60,rr,10,54,-6.77,-0.125,46.3,29,-3.22,-0.111,55.2,25,-3.55,-0.142,36.0,2025-07-26
ES_15m,2.0,24,0.75,0.25,2.0,2,False,60,rr,"10,14",59,-6.81,-0.115,47.5,34,-3.26,-0.096,55.9,25,-3.55,-0.142,36.0,2025-07-26
ES_15m,2.0,24,0.75,0.25,2.0,3,True,15,pdh_pdl,10,0,0.0,0.0,0.0,0,0.0,0.0,0.0,0,0.0,0.0,0.0,2025-07-26
ES_15m,2.0,24,0.75,0.25,2.0,3,True,15,pdh_pdl,"10,14",1,-1.03,-1.034,0.0,1,-1.03,-1.034,0.0,0,0.0,0.0,0.0,2025-07-26
ES_15m,2.0,24,0.75,0.25,2.0,3,True,15,rr,10,10,2.89,0.289,80.0,5,-0.67,-0.133,60.0,5,3.56,0.712,100.0,2025-07-26
ES_15m,2.0,24,0.75,0.25,2.0,3,True,15,rr,"10,14",12,1.05,0.087,66.7,7,-2.51,-0.358,42.9,5,3.56,0.712,100.0,2025-07-26
ES_15m,2.0,24,0.75,0.25,2.0,3,True,30,pdh_pdl,10,0,0.0,0.0,0.0,0,0.0,0.0,0.0,0,0.0,0.0,0.0,2025-07-26
ES_15m,2.0,24,0.75,0.25,2.0,3,True,30,pdh_pdl,"10,14",1,-1.03,-1.034,0.0,1,-1.03,-1.034,0.0,0,0.0,0.0,0.0,2025-07-26
ES_15m,2.0,24,0.75,0.25,2.0,3,True,30,rr,10,8,0.92,0.115,75.0,5,-0.67,-0.133,60.0,3,1.58,0.528,100.0,2025-07-26
ES_15m,2.0,24,0.75,0.25,2.0,3,True,30,rr,"10,14",10,-0.93,-0.093,60.0,7,-2.51,-0.358,42.9,3,1.58,0.528,100.0,2025-07-26
ES_15m,2.0,24,0.75,0.25,2.0,3,True,60,pdh_pdl,10,1,-1.04,-1.041,0.0,0,0.0,0.0,0.0,1,-1.04,-1.041,0.0,2025-07-26
ES_15m,2.0,24,0.75,0.25,2.0,3,True,60,pdh_pdl,"10,14",1,-1.04,-1.041,0.0,0,0.0,0.0,0.0,1,-1.04,-1.041,0.0,2025-07-26
ES_15m,2.0,24,0.75,0.25,2.0,3,True,60,rr,10,6,0.88,0.147,83.3,2,0.34,0.17,100.0,4,0.54,0.135,75.0,2025-07-26
ES_15m,2.0,24,0.75,0.25,2.0,3,True,60,rr,"10,14",6,0.88,0.147,83.3,2,0.34,0.17,100.0,4,0.54,0.135,75.0,2025-07-26
ES_15m,2.0,24,0.75,0.25,2.0,3,False,15,pdh_pdl,10,3,-1.44,-0.478,33.3,2,-0.39,-0.197,50.0,1,-1.04,-1.041,0.0,2025-07-26
ES_15m,2.0,24,0.75,0.25,2.0,3,False,15,pdh_pdl,"10,14",5,-1.4,-0.279,40.0,4,-0.35,-0.088,50.0,1,-1.04,-1.041,0.0,2025-07-26
ES_15m,2.0,24,0.75,0.25,2.0,3,False,15,rr,10,26,1.09,0.042,57.7,15,-1.86,-0.124,46.7,11,2.95,0.268,72.7,2025-07-26
ES_15m,2.0,24,0.75,0.25,2.0,3,False,15,rr,"10,14",32,1.39,0.043,59.4,18,-2.63,-0.146,44.4,14,4.01,0.287,78.6,2025-07-26
ES_15m,2.0,24,0.75,0.25,2.0,3,False,30,pdh_pdl,10,3,-1.44,-0.478,33.3,2,-0.39,-0.197,50.0,1,-1.04,-1.041,0.0,2025-07-26
ES_15m,2.0,24,0.75,0.25,2.0,3,False,30,pdh_pdl,"10,14",5,-1.4,-0.279,40.0,4,-0.35,-0.088,50.0,1,-1.04,-1.041,0.0,2025-07-26
ES_15m,2.0,24,0.75,0.25,2.0,3,False,30,rr,10,21,-1.29,-0.061,52.4,14,-1.27,-0.09,50.0,7,-0.02,-0.003,57.1,2025-07-26
ES_15m,2.0,24,0.75,0.25,2.0,3,False,30,rr,"10,14",26,-1.78,-0.068,53.8,17,-2.04,-0.12,47.1,9,0.26,0.029,66.7,2025-07-26
ES_15m,2.0,24,0.75,0.25,2.0,3,False,60,pdh_pdl,10,2,-1.52,-0.762,0.0,1,-0.48,-0.482,0.0,1,-1.04,-1.041,0.0,2025-07-26
ES_15m,2.0,24,0.75,0.25,2.0,3,False,60,pdh_pdl,"10,14",2,-1.52,-0.762,0.0,1,-0.48,-0.482,0.0,1,-1.04,-1.041,0.0,2025-07-26
ES_15m,2.0,24,0.75,0.25,2.0,3,False,60,rr,10,15,-0.14,-0.01,46.7,9,-0.64,-0.071,33.3,6,0.5,0.083,66.7,2025-07-26
ES_15m,2.0,24,0.75,0.25,2.0,3,False,60,rr,"10,14",15,-0.14,-0.01,46.7,9,-0.64,-0.071,33.3,6,0.5,0.083,66.7,2025-07-26
ES_15m,2.0,24,0.75,0.25,3.0,1,True,15,pdh_pdl,10,4,-2.69,-0.673,25.0,3,-1.59,-0.531,33.3,1,-1.1,-1.1,0.0,2025-07-26
ES_15m,2.0,24,0.75,0.25,3.0,1,True,15,pdh_pdl,"10,14",5,-3.09,-0.619,20.0,3,-1.59,-0.531,33.3,2,-1.5,-0.75,0.0,2025-07-26
ES_15m,2.0,24,0.75,0.25,3.0,1,True,15,rr,10,32,-7.26,-0.227,34.4,18,-4.92,-0.273,38.9,14,-2.34,-0.167,28.6,2025-07-26
ES_15m,2.0,24,0.75,0.25,3.0,1,True,15,rr,"10,14",40,-7.47,-0.187,32.5,23,-6.5,-0.283,34.8,17,-0.97,-0.057,29.4,2025-07-26
ES_15m,2.0,24,0.75,0.25,3.0,1,True,30,pdh_pdl,10,4,-2.69,-0.673,25.0,3,-1.59,-0.531,33.3,1,-1.1,-1.1,0.0,2025-07-26
ES_15m,2.0,24,0.75,0.25,3.0,1,True,30,pdh_pdl,"10,14",5,-3.09,-0.619,20.0,3,-1.59,-0.531,33.3,2,-1.5,-0.75,0.0,2025-07-26
ES_15m,2.0,24,0.75,0.25,3.0,1,True,30,rr,10,29,-8.24,-0.284,34.5,17,-4.81,-0.283,41.2,12,-3.44,-0.286,25.0,2025-07-26
ES_15m,2.0,24,0.75,0.25,3.0,1,True,30,rr,"10,14",33,-10.51,-0.318,30.3,19,-5.64,-0.297,36.8,14,-4.87,-0.348,21.4,2025-07-26
ES_15m,2.0,24,0.75,0.25,3.0,1,True,60,pdh_pdl,10,3,-3.12,-1.041,0.0,2,-2.08,-1.041,0.0,1,-1.04,-1.041,0.0,2025-07-26
ES_15m,2.0,24,0.75,0.25,3.0,1,True,60,pdh_pdl,"10,14",3,-3.12,-1.041,0.0,2,-2.08,-1.041,0.0,1,-1.04,-1.041,0.0,2025-07-26
ES_15m,2.0,24,0.75,0.25,3.0,1,True,60,rr,10,24,-6.38,-0.266,37.5,11,-3.62,-0.329,45.5,13,-2.76,-0.212,30.8,2025-07-26
ES_15m,2.0,24,0.75,0.25,3.0,1,True,60,rr,"10,14",25,-6.4,-0.256,36.0,12,-3.64,-0.303,41.7,13,-2.76,-0.212,30.8,2025-07-26
ES_15m,2.0,24,0.75,0.25,3.0,1,False,15,pdh_pdl,10,22,0.9,0.041,50.0,18,2.82,0.156,50.0,4,-1.91,-0.478,50.0,2025-07-26
ES_15m,2.0,24,0.75,0.25,3.0,1,False,15,pdh_pdl,"10,14",25,0.73,0.029,48.0,20,3.04,0.152,50.0,5,-2.31,-0.463,40.0,2025-07-26
ES_15m,2.0,24,0.75,0.25,3.0,1,False,15,rr,10,94,-9.34,-0.099,40.4,56,-6.85,-0.122,41.1,38,-2.49,-0.066,39.5,2025-07-26
ES_15m,2.0,24,0.75,0.25,3.0,1,False,15,rr,"10,14",115,-7.87,-0.068,42.6,68,-7.75,-0.114,41.2,47,-0.12,-0.003,44.7,2025-07-26
ES_15m,2.0,24,0.75,0.25,3.0,1,False,30,pdh_pdl,10,19,-0.75,-0.04,47.4,15,1.16,0.077,46.7,4,-1.91,-0.478,50.0,2025-07-26
ES_15m,2.0,24,0.75,0.25,3.0,1,False,30,pdh_pdl,"10,14",21,-1.75,-0.083,42.9,16,0.56,0.035,43.8,5,-2.31,-0.463,40.0,2025-07-26
ES_15m,2.0,24,0.75,0.25,3.0,1,False,30,rr,10,79,-12.27,-0.155,36.7,48,-8.98,-0.187,37.5,31,-3.29,-0.106,35.5,2025-07-26
ES_15m,2.0,24,0.75,0.25,3.0,1,False,30,rr,"10,14",93,-12.56,-0.135,38.7,56,-9.96,-0.178,37.5,37,-2.59,-0.07,40.5,2025-07-26
ES_15m,2.0,24,0.75,0.25,3.0,1,False,60,pdh_pdl,10,13,-2.1,-0.162,46.2,11,-1.14,-0.103,45.5,2,-0.97,-0.483,50.0,2025-07-26
ES_15m,2.0,24,0.75,0.25,3.0,1,False,60,pdh_pdl,"10,14",13,-2.1,-0.162,46.2,11,-1.14,-0.103,45.5,2,-0.97,-0.483,50.0,2025-07-26
ES_15m,2.0,24,0.75,0.25,3.0,1,False,60,rr,10,59,-6.22,-0.105,42.4,35,-5.51,-0.157,42.9,24,-0.71,-0.03,41.7,2025-07-26
ES_15m,2.0,24,0.75,0.25,3.0,1,False,60,rr,"10,14",64,-6.8,-0.106,43.8,39,-6.17,-0.158,43.6,25,-0.63,-0.025,44.0,2025-07-26
ES_15m,2.0,24,0.75,0.25,3.0,2,True,15,pdh_pdl,10,3,-1.59,-0.531,33.3,3,-1.59,-0.531,33.3,0,0.0,0.0,0.0,2025-07-26
ES_15m,2.0,24,0.75,0.25,3.0,2,True,15,pdh_pdl,"10,14",4,-1.99,-0.499,25.0,3,-1.59,-0.531,33.3,1,-0.4,-0.401,0.0,2025-07-26
ES_15m,2.0,24,0.75,0.25,3.0,2,True,15,rr,10,23,-2.72,-0.118,52.2,13,-1.24,-0.096,53.8,10,-1.48,-0.148,50.0,2025-07-26
ES_15m,2.0,24,0.75,0.25,3.0,2,True,15,rr,"10,14",30,-5.66,-0.189,43.3,17,-3.17,-0.186,41.2,13,-2.49,-0.192,46.2,2025-07-26
ES_15m,2.0,24,0.75,0.25,3.0,2,True,30,pdh_pdl,10,3,-1.59,-0.531,33.3,3,-1.59,-0.531,33.3,0,0.0,0.0,0.0,2025-07-26
ES_15m,2.0,24,0.75,0.25,3.0,2,True,30,pdh_pdl,"10,14",4,-1.99,-0.499,25.0,3,-1.59,-0.531,33.3,1,-0.4,-0.401,0.0,2025-07-26
ES_15m,2.0,24,0.75,0.25,3.0,2,True,30,rr,10,20,-2.7,-0.135,50.0,12,-1.74,-0.145,50.0,8,-0.97,-0.121,50.0,2025-07-26
ES_15m,2.0,24,0.75,0.25,3.0,2,True,30,rr,"10,14",24,-4.97,-0.207,41.7,14,-2.57,-0.183,42.9,10,-2.4,-0.24,40.0,2025-07-26
ES_15m,2.0,24,0.75,0.25,3.0,2,True,60,pdh_pdl,10,3,-3.12,-1.041,0.0,2,-2.08,-1.041,0.0,1,-1.04,-1.041,0.0,2025-07-26
ES_15m,2.0,24,0.75,0.25,3.0,2,True,60,pdh_pdl,"10,14",3,-3.12,-1.041,0.0,2,-2.08,-1.041,0.0,1,-1.04,-1.041,0.0,2025-07-26
ES_15m,2.0,24,0.75,0.25,3.0,2,True,60,rr,10,17,-5.85,-0.344,41.2,8,-3.85,-0.481,37.5,9,-2.01,-0.223,44.4,2025-07-26
ES_15m,2.0,24,0.75,0.25,3.0,2,True,60,rr,"10,14",18,-5.88,-0.326,38.9,9,-3.87,-0.43,33.3,9,-2.01,-0.223,44.4,2025-07-26
ES_15m,2.0,24,0.75,0.25,3.0,2,False,15,pdh_pdl,10,12,0.62,0.052,50.0,11,1.67,0.151,54.5,1,-1.04,-1.041,0.0,2025-07-26
ES_15m,2.0,24,0.75,0.25,3.0,2,False,15,pdh_pdl,"10,14",14,1.05,0.075,50.0,12,2.49,0.207,58.3,2,-1.44,-0.721,0.0,2025-07-26
ES_15m,2.0,24,0.75,0.25,3.0,2,False,15,rr,10,64,-0.85,-0.013,46.9,37,2.49,0.067,56.8,27,-3.34,-0.124,33.3,2025-07-26
ES_15m,2.0,24,0.75,0.25,3.0,2,False,15,rr,"10,14",79,-1.53,-0.019,49.4,45,2.11,0.047,55.6,34,-3.64,-0.107,41.2,2025-07-26
ES_15m,2.0,24,0.75,0.25,3.0,2,False,30,pdh_pdl,10,10,-0.32,-0.032,40.0,9,0.72,0.08,44.4,1,-1.04,-1.041,0.0,2025-07-26
ES_15m,2.0,24,0.75,0.25,3.0,2,False,30,pdh_pdl,"10,14",11,-0.73,-0.066,36.4,9,0.72,0.08,44.4,2,-1.44,-0.721,0.0,2025-07-26
ES_15m,2.0,24,0.75,0.25,3.0,2,False,30,rr,10,50,-4.61,-0.092,42.0,30,-0.76,-0.025,50.0,20,-3.86,-0.193,30.0,2025-07-26
ES_15m,2.0,24,0.75,0.25,3.0,2,False,30,rr,"10,14",60,-5.47,-0.091,45.0,35,-0.87,-0.025,51.4,25,-4.6,-0.184,36.0,2025-07-26
ES_15m,2.0,24,0.75,0.25,3.0,2,False,60,pdh_pdl,10,6,-2.62,-0.437,33.3,5,-1.58,-0.316,40.0,1,-1.04,-1.041,0.0,2025-07-26
ES_15m,2.0,24,0.75,0.25,3.0,2,False,60,pdh_pdl,"10,14",6,-2.62,-0.437,33.3,5,-1.58,-0.316,40.0,1,-1.04,-1.041,0.0,2025-07-26
ES_15m,2.0,24,0.75,0.25,3.0,2,False,60,rr,10,35,-4.11,-0.117,48.6,20,-2.21,-0.11,55.0,15,-1.9,-0.127,40.0,2025-07-26
ES_15m,2.0,24,0.75,0.25,3.0,2,False,60,rr,"10,14",38,-3.74,-0.098,50.0,23,-1.83,-0.08,56.5,15,-1.9,-0.127,40.0,2025-07-26
ES_15m,2.0,24,0.75,0.25,3.0,3,True,15,pdh_pdl,10,0,0.0,0.0,0.0,0,0.0,0.0,0.0,0,0.0,0.0,0.0,2025-07-26
ES_15m,2.0,24,0.75,0.25,3.0,3,True,15,pdh_pdl,"10,14",0,0.0,0.0,0.0,0,0.0,0.0,0.0,0,0.0,0.0,0.0,2025-07-26
ES_15m,2.0,24,0.75,0.25,3.0,3,True,15,rr,10,4,0.86,0.215,100.0,2,0.29,0.145,100.0,2,0.57,0.285,100.0,2025-07-26
ES_15m,2.0,24,0.75,0.25,3.0,3,True,15,rr,"10,14",5,0.05,0.01,80.0,3,-0.52,-0.173,66.7,2,0.57,0.285,100.0,2025-07-26
ES_15m,2.0,24,0.75,0.25,3.0,3,True,30,pdh_pdl,10,0,0.0,0.0,0.0,0,0.0,0.0,0.0,0,0.0,0.0,0.0,2025-07-26
ES_15m,2.0,24,0.75,0.25,3.0,3,True,30,pdh_pdl,"10,14",0,0.0,0.0,0.0,0,0.0,0.0,0.0,0,0.0,0.0,0.0,2025-07-26
ES_15m,2.0,24,0.75,0.25,3.0,3,True,30,rr,10,3,0.71,0.237,100.0,2,0.29,0.145,100.0,1,0.42,0.421,100.0,2025-07-26
ES_15m,2.0,24,0.75,0.25,3.0,3,True,30,rr,"10,14",4,-0.1,-0.024,75.0,3,-0.52,-0.173,66.7,1,0.42,0.421,100.0,2025-07-26
ES_15m,2.0,24,0.75,0.25,3.0,3,True,60,pdh_pdl,10,1,-1.04,-1.041,0.0,0,0.0,0.0,0.0,1,-1.04,-1.041,0.0,2025-07-26
ES_15m,2.0,24,0.75,0.25,3.0,3,True,60,pdh_pdl,"10,14",1,-1.04,-1.041,0.0,0,0.0,0.0,0.0,1,-1.04,-1.041,0.0,2025-07-26
ES_15m,2.0,24,0.75,0.25,3.0,3,True,60,rr,10,3,-0.43,-0.145,66.7,1,0.19,0.186,100.0,2,-0.62,-0.31,50.0,2025-07-26
ES_15m,2.0,24,0.75,0.25,3.0,3,True,60,rr,"10,14",3,-0.43,-0.145,66.7,1,0.19,0.186,100.0,2,-0.62,-0.31,50.0,2025-07-26
ES_15m,2.0,24,0.75,0.25,3.0,3,False,15,pdh_pdl,10,3,-1.44,-0.478,33.3,2,-0.39,-0.197,50.0,1,-1.04,-1.041,0.0,2025-07-26
ES_15m,2.0,24,0.75,0.25,3.0,3,False,15,pdh_pdl,"10,14",3,-1.44,-0.478,33.3,2,-0.39,-0.197,50.0,1,-1.04,-1.041,0.0,2025-07-26
ES_15m,2.0,24,0.75,0.25,3.0,3,False,15,rr,10,15,-0.88,-0.059,53.3,9,-0.76,-0.085,44.4,6,-0.12,-0.019,66.7,2025-07-26
ES_15m,2.0,24,0.75,0.25,3.0,3,False,15,rr,"10,14",18,-1.41,-0.078,55.6,10,-1.57,-0.157,40.0,8,0.16,0.02,75.0,2025-07-26
ES_15m,2.0,24,0.75,0.25,3.0,3,False,30,pdh_pdl,10,3,-1.44,-0.478,33.3,2,-0.39,-0.197,50.0,1,-1.04,-1.041,0.0,2025-07-26
ES_15m,2.0,24,0.75,0.25,3.0,3,False,30,pdh_pdl,"10,14",3,-1.44,-0.478,33.3,2,-0.39,-0.197,50.0,1,-1.04,-1.041,0.0,2025-07-26
ES_15m,2.0,24,0.75,0.25,3.0,3,False,30,rr,10,12,-1.16,-0.097,50.0,8,-0.17,-0.021,50.0,4,-0.99,-0.248,50.0,2025-07-26
ES_15m,2.0,24,0.75,0.25,3.0,3,False,30,rr,"10,14",15,-1.69,-0.113,53.3,9,-0.98,-0.109,44.4,6,-0.71,-0.119,66.7,2025-07-26
ES_15m,2.0,24,0.75,0.25,3.0,3,False,60,pdh_pdl,10,2,-1.52,-0.762,0.0,1,-0.48,-0.482,0.0,1,-1.04,-1.041,0.0,2025-07-26
ES_15m,2.0,24,0.75,0.25,3.0,3,False,60,pdh_pdl,"10,14",2,-1.52,-0.762,0.0,1,-0.48,-0.482,0.0,1,-1.04,-1.041,0.0,2025-07-26
ES_15m,2.0,24,0.75,0.25,3.0,3,False,60,rr,10,9,-0.84,-0.093,44.4,6,-0.36,-0.061,33.3,3,-0.47,-0.157,66.7,2025-07-26
ES_15m,2.0,24,0.75,0.25,3.0,3,False,60,rr,"10,14",9,-0.84,-0.093,44.4,6,-0.36,-0.061,33.3,3,-0.47,-0.157,66.7,2025-07-26
GLD_5m,2.0,24,0.75,0.25,1.0,1,True,15,pdh_pdl,10,51,8.85,0.174,45.1,29,0.86,0.03,37.9,22,8.0,0.363,54.5,2025-07-26
GLD_5m,2.0,24,0.75,0.25,1.0,1,True,15,pdh_pdl,"10,14",62,9.95,0.16,41.9,37,3.75,0.101,35.1,25,6.19,0.248,52.0,2025-07-26
GLD_5m,2.0,24,0.75,0.25,1.0,1,True,15,rr,10,157,0.06,0.0,42.0,87,0.6,0.007,42.5,70,-0.54,-0.008,41.4,2025-07-26
GLD_5m,2.0,24,0.75,0.25,1.0,1,True,15,rr,"10,14",187,-4.53,-0.024,41.2,106,-4.9,-0.046,39.6,81,0.37,0.005,43.2,2025-07-26
GLD_5m,2.0,24,0.75,0.25,1.0,1,True,30,pdh_pdl,10,45,18.49,0.411,57.8,30,9.51,0.317,53.3,15,8.98,0.598,66.7,2025-07-26
GLD_5m,2.0,24,0.75,0.25,1.0,1,True,30,pdh_pdl,"10,14",52,24.21,0.466,57.7,36,15.0,0.417,52.8,16,9.21,0.576,68.8,2025-07-26
GLD_5m,2.0,24,0.75,0.25,1.0,1,True,30,rr,10,138,15.7,0.114,47.1,80,15.95,0.199,50.0,58,-0.24,-0.004,43.1,2025-07-26
GLD_5m,2.0,24,0.75,0.25,1.0,1,True,30,rr,"10,14",165,18.02,0.109,47.9,96,10.16,0.106,46.9,69,7.86,0.114,49.3,2025-07-26
GLD_5m,2.0,24,0.75,0.25,1.0,1,True,60,pdh_pdl,10,33,15.82,0.479,54.5,23,7.66,0.333,47.8,10,8.15,0.815,70.0,2025-07-26
GLD_5m,2.0,24,0.75,0.25,1.0,1,True,60,pdh_pdl,"10,14",36,15.49,0.43,55.6,26,7.34,0.282,50.0,10,8.15,0.815,70.0,2025-07-26
GLD_5m,2.0,24,0.75,0.25,1.0,1,True,60,rr,10,104,7.24,0.07,45.2,60,5.15,0.086,43.3,44,2.1,0.048,47.7,2025-07-26
GLD_5m,2.0,24,0.75,0.25,1.0,1,True,60,rr,"10,14",118,6.32,0.054,45.8,69,1.9,0.028,42.0,49,4.42,0.09,51.0,2025-07-26
GLD_5m,2.0,24,0.75,0.25,1.0,1,False,15,pdh_pdl,10,114,5.03,0.044,40.4,69,-4.69,-0.068,37.7,45,9.72,0.216,44.4,2025-07-26
GLD_5m,2.0,24,0.75,0.25,1.0,1,False,15,pdh_pdl,"10,14",129,10.52,0.082,41.1,80,2.74,0.034,40.0,49,7.78,0.159,42.9,2025-07-26
GLD_5m,2.0,24,0.75,0.25,1.0,1,False,15,rr,10,235,-3.35,-0.014,39.6,133,-11.38,-0.086,38.3,102,8.03,0.079,41.2,2025-07-26
GLD_5m,2.0,24,0.75,0.25,1.0,1,False,15,rr,"10,14",271,-4.06,-0.015,40.2,156,-13.59,-0.087,38.5,115,9.53,0.083,42.6,2025-07-26
GLD_5m,2.0,24,0.75,0.25,1.0,1,False,30,pdh_pdl,10,106,14.62,0.138,46.2,68,2.66,0.039,42.6,38,11.96,0.315,52.6,2025-07-26
GLD_5m,2.0,24,0.75,0.25,1.0,1,False,30,pdh_pdl,"10,14",116,20.55,0.177,46.6,75,9.52,0.127,44.0,41,11.02,0.269,51.2,2025-07-26
GLD_5m,2.0,24,0.75,0.25,1.0,1,False,30,rr,10,208,17.65,0.085,43.8,122,9.88,0.081,43.4,86,7.77,0.09,44.2,2025-07-26
GLD_5m,2.0,24,0.75,0.25,1.0,1,False,30,rr,"10,14",236,17.95,0.076,44.5,138,4.43,0.032,42.0,98,13.52,0.138,48.0,2025-07-26
GLD_5m,2.0,24,0.75,0.25,1.0,1,False,60,pdh_pdl,10,83,19.01,0.229,50.6,56,9.78,0.175,50.0,27,9.22,0.342,51.9,2025-07-26
GLD_5m,2.0,24,0.75,0.25,1.0,1,False,60,pdh_pdl,"10,14",90,19.95,0.222,51.1,62,10.87,0.175,51.6,28,9.08,0.324,50.0,2025-07-26
GLD_5m,2.0,24,0.75,0.25,1.0,1,False,60,rr,10,161,15.67,0.097,44.7,96,5.72,0.06,44.8,65,9.94,0.153,44.6,2025-07-26
GLD_5m,2.0,24,0.75,0.25,1.0,1,False,60,rr,"10,14",180,16.84,0.094,45.0,108,3.95,0.037,43.5,72,12.89,0.179,47.2,2025-07-26
GLD_5m,2.0,24,0.75,0.25,1.0,2,True,15,pdh_pdl,10,41,1.16,0.028,43.9,24,-3.65,-0.152,33.3,17,4.8,0.283,58.8,2025-07-26
GLD_5m,2.0,24,0.75,0.25,1.0,2,True,15,pdh_pdl,"10,14",53,3.16,0.06,41.5,34,-0.33,-0.01,35.3,19,3.48,0.183,52.6,2025-07-26
GLD_5m,2.0,24,0.75,0.25,1.0,2,True,15,rr,10,141,3.2,0.023,46.8,80,-0.8,-0.01,43.8,61,3.99,0.065,50.8,2025-07-26
GLD_5m,2.0,24,0.75,0.25,1.0,2,True,15,rr,"10,14",168,-0.77,-0.005,45.8,97,-5.69,-0.059,42.3,71,4.92,0.069,50.7,2025-07-26
GLD_5m,2.0,24,0.75,0.25,1.0,2,True,30,pdh_pdl,10,35,7.39,0.211,54.3,24,1.23,0.051,45.8,11,6.16,0.56,72.7,2025-07-26
GLD_5m,2.0,24,0.75,0.25,1.0,2,True,30,pdh_pdl,"10,14",41,14.91,0.364,56.1,29,9.07,0.313,51.7,12,5.84,0.487,66.7,2025-07-26
GLD_5m,2.0,24,0.75,0.25,1.0,2,True,30,rr,10,120,16.61,0.138,50.8,73,9.15,0.125,47.9,47,7.46,0.159,55.3,2025-07-26
GLD_5m,2.0,24,0.75,0.25,1.0,2,True,30,rr,"10,14",142,18.33,0.129,51.4,84,7.3,0.087,47.6,58,11.03,0.19,56.9,2025-07-26
GLD_5m,2.0,24,0.75,0.25,1.0,2,True,60,pdh_pdl,10,26,5.66,0.218,50.0,18,-0.31,-0.017,38.9,8,5.97,0.746,75.0,2025-07-26
GLD_5m,2.0,24,0.75,0.25,1.0,2,True,60,pdh_pdl,"10,14",28,6.12,0.219,53.6,20,0.15,0.008,45.0,8,5.97,0.746,75.0,2025-07-26
GLD_5m,2.0,24,0.75,0.25,1.0,2,True,60,rr,10,92,-0.77,-0.008,40.2,54,-0.29,-0.005,37.0,38,-0.48,-0.013,44.7,2025-07-26
GLD_5m,2.0,24,0.75,0.25,1.0,2,True,60,rr,"10,14",100,-1.4,-0.014,42.0,58,-1.98,-0.034,37.9,42,0.58,0.014,47.6,2025-07-26
GLD_5m,2.0,24,0.75,0.25,1.0,2,False,15,pdh_pdl,10,87,-2.12,-0.024,43.7,55,-12.92,-0.235,36.4,32,10.8,0.337,56.2,2025-07-26
GLD_5m,2.0,24,0.75,0.25,1.0,2,False,15,pdh_pdl,"10,14",104,0.78,0.008,43.3,69,-8.12,-0.118,39.1,35,8.9,0.254,51.4,2025-07-26
GLD_5m,2.0,24,0.75,0.25,1.0,2,False,15,rr,10,207,-8.8,-0.042,44.4,121,-20.52,-0.17,40.5,86,11.73,0.136,50.0,2025-07-26
GLD_5m,2.0,24,0.75,0.25,1.0,2,False,15,rr,"10,14",243,-11.82,-0.049,44.0,144,-25.07,-0.174,39.6,99,13.25,0.134,50.5,2025-07-26
GLD_5m,2.0,24,0.75,0.25,1.0,2,False,30,pdh_pdl,10,80,3.02,0.038,47.5,52,-7.37,-0.142,42.3,28,10.39,0.371,57.1,2025-07-26
GLD_5m,2.0,24,0.75,0.25,1.0,2,False,30,pdh_pdl,"10,14",90,9.06,0.101,47.8,60,-0.43,-0.007,45.0,30,9.49,0.316,53.3,2025-07-26
GLD_5m,2.0,24,0.75,0.25,1.0,2,False,30,rr,10,178,7.1,0.04,47.2,109,-6.68,-0.061,44.0,69,13.79,0.2,52.2,2025-07-26
GLD_5m,2.0,24,0.75,0.25,1.0,2,False,30,rr,"10,14",204,6.83,0.033,48.0,123,-11.08,-0.09,43.1,81,17.91,0.221,55.6,2025-07-26
GLD_5m,2.0,24,0.75,0.25,1.0,2,False,60,pdh_pdl,10,61,3.44,0.056,47.5,42,-5.33,-0.127,45.2,19,8.77,0.462,52.6,2025-07-26
GLD_5m,2.0,24,0.75,0.25,1.0,2,False,60,pdh_pdl,"10,14",67,3.21,0.048,47.8,47,-4.99,-0.106,46.8,20,8.19,0.41,50.0,2025-07-26
GLD_5m,2.0,24,0.75,0.25,1.0,2,False,60,rr,10,136,-2.54,-0.019,41.9,84,-10.67,-0.127,40.5,52,8.13,0.156,44.2,2025-07-26
GLD_5m,2.0,24,0.75,0.25,1.0,2,False,60,rr,"10,14",149,-1.71,-0.011,43.6,92,-11.59,-0.126,41.3,57,9.88,0.173,47.4,2025-07-26
GLD_5m,2.0,24,0.75,0.25,1.0,3,True,15,pdh_pdl,10,14,7.32,0.523,57.1,8,3.83,0.478,50.0,6,3.49,0.581,66.7,2025-07-26
GLD_5m,2.0,24,0.75,0.25,1.0,3,True,15,pdh_pdl,"10,14",18,10.1,0.561,61.1,12,6.61,0.551,58.3,6,3.49,0.581,66.7,2025-07-26
GLD_5m,2.0,24,0.75,0.25,1.0,3,True,15,rr,10,75,8.18,0.109,50.7,46,4.75,0.103,47.8,29,3.44,0.118,55.2,2025-07-26
GLD_5m,2.0,24,0.75,0.25,1.0,3,True,15,rr,"10,14",90,7.28,0.081,48.9,54,4.31,0.08,48.1,36,2.98,0.083,50.0,2025-07-26
GLD_5m,2.0,24,0.75,0.25,1.0,3,True,30,pdh_pdl,10,14,5.69,0.406,50.0,9,3.62,0.402,44.4,5,2.07,0.415,60.0,2025-07-26
GLD_5m,2.0,24,0.75,0.25,1.0,3,True,30,pdh_pdl,"10,14",17,9.49,0.558,58.8,12,7.42,0.618,58.3,5,2.07,0.415,60.0,2025-07-26
GLD_5m,2.0,24,0.75,0.25,1.0,3,True,30,rr,10,65,6.51,0.1,49.2,42,2.71,0.065,45.2,23,3.8,0.165,56.5,2025-07-26
GLD_5m,2.0,24,0.75,0.25,1.0,3,True,30,rr,"10,14",79,8.63,0.109,49.4,48,3.75,0.078,47.9,31,4.89,0.158,51.6,2025-07-26
GLD_5m,2.0,24,0.75,0.25,1.0,3,True,60,pdh_pdl,10,10,5.35,0.535,60.0,6,3.18,0.53,50.0,4,2.17,0.542,75.0,2025-07-26
GLD_5m,2.0,24,0.75,0.25,1.0,3,True,60,pdh_pdl,"10,14",11,5.42,0.493,63.6,7,3.25,0.464,57.1,4,2.17,0.542,75.0,2025-07-26
GLD_5m,2.0,24,0.75,0.25,1.0,3,True,60,rr,10,35,2.24,0.064,45.7,23,1.26,0.055,43.5,12,0.98,0.082,50.0,2025-07-26
GLD_5m,2.0,24,0.75,0.25,1.0,3,True,60,rr,"10,14",39,0.67,0.017,43.6,25,0.25,0.01,44.0,14,0.41,0.03,42.9,2025-07-26
GLD_5m,2.0,24,0.75,0.25,1.0,3,False,15,pdh_pdl,10,25,3.16,0.127,48.0,14,0.77,0.055,42.9,11,2.39,0.218,54.5,2025-07-26
GLD_5m,2.0,24,0.75,0.25,1.0,3,False,15,pdh_pdl,"10,14",35,6.41,0.183,51.4,23,4.66,0.203,52.2,12,1.74,0.145,50.0,2025-07-26
GLD_5m,2.0,24,0.75,0.25,1.0,3,False,15,rr,10,107,-2.1,-0.02,46.7,62,-3.17,-0.051,43.5,45,1.07,0.024,51.1,2025-07-26
GLD_5m,2.0,24,0.75,0.25,1.0,3,False,15,rr,"10,14",137,-0.79,-0.006,46.7,79,-2.87,-0.036,44.3,58,2.08,0.036,50.0,2025-07-26
GLD_5m,2.0,24,0.75,0.25,1.0,3,False,30,pdh_pdl,10,22,5.0,0.227,50.0,12,2.89,0.241,50.0,10,2.11,0.211,50.0,2025-07-26
GLD_5m,2.0,24,0.75,0.25,1.0,3,False,30,pdh_pdl,"10,14",28,8.28,0.296,53.6,17,6.82,0.401,58.8,11,1.46,0.132,45.5,2025-07-26
GLD_5m,2.0,24,0.75,0.25,1.0,3,False,30,rr,10,86,3.43,0.04,47.7,53,-1.92,-0.036,43.4,33,5.35,0.162,54.5,2025-07-26
GLD_5m,2.0,24,0.75,0.25,1.0,3,False,30,rr,"10,14",107,5.61,0.052,48.6,62,-1.16,-0.019,45.2,45,6.77,0.15,53.3,2025-07-26
GLD_5m,2.0,24,0.75,0.25,1.0,3,False,60,pdh_pdl,10,14,3.71,0.265,50.0,9,1.78,0.197,44.4,5,1.94,0.388,60.0,2025-07-26
GLD_5m,2.0,24,0.75,0.25,1.0,3,False,60,pdh_pdl,"10,14",18,3.26,0.181,50.0,12,1.98,0.165,50.0,6,1.29,0.215,50.0,2025-07-26
GLD_5m,2.0,24,0.75,0.25,1.0,3,False,60,rr,10,47,0.46,0.01,46.8,31,-1.97,-0.063,45.2,16,2.42,0.151,50.0,2025-07-26
GLD_5m,2.0,24,0.75,0.25,1.0,3,False,60,rr,"10,14",56,0.17,0.003,46.4,36,-2.58,-0.072,47.2,20,2.75,0.138,45.0,2025-07-26
GLD_5m,2.0,24,0.75,0.25,2.0,1,True,15,pdh_pdl,10,28,9.59,0.343,50.0,20,6.47,0.323,45.0,8,3.12,0.39,62.5,2025-07-26
GLD_5m,2.0,24,0.75,0.25,2.0,1,True,15,pdh_pdl,"10,14",35,14.65,0.418,51.4,25,12.32,0.493,48.0,10,2.33,0.233,60.0,2025-07-26
GLD_5m,2.0,24,0.75,0.25,2.0,1,True,15,rr,10,97,2.74,0.028,42.3,57,6.28,0.11,43.9,40,-3.54,-0.089,40.0,2025-07-26
GLD_5m,2.0,24,0.75,0.25,2.0,1,True,15,rr,"10,14",116,3.7,0.032,42.2,68,8.92,0.131,44.1,48,-5.21,-0.109,39.6,2025-07-26
GLD_5m,2.0,24,0.75,0.25,2.0,1,True,30,pdh_pdl,10,23,16.41,0.713,69.6,19,13.09,0.689,63.2,4,3.32,0.83,100.0,2025-07-26
GLD_5m,2.0,24,0.75,0.25,2.0,1,True,30,pdh_pdl,"10,14",28,23.46,0.838,71.4,23,19.9,0.865,65.2,5,3.56,0.711,100.0,2025-07-26
GLD_5m,2.0,24,0.75,0.25,2.0,1,True,30,rr,10,86,21.75,0.253,51.2,55,20.59,0.374,54.5,31,1.16,0.038,45.2,2025-07-26
GLD_5m,2.0,24,0.75,0.25,2.0,1,True,30,rr,"10,14",102,25.07,0.246,52.0,64,21.3,0.333,53.1,38,3.76,0.099,50.0,2025-07-26
GLD_5m,2.0,24,0.75,0.25,2.0,1,True,60,pdh_pdl,10,17,13.01,0.765,70.6,14,11.44,0.817,64.3,3,1.56,0.52,100.0,2025-07-26
GLD_5m,2.0,24,0.75,0.25,2.0,1,True,60,pdh_pdl,"10,14",19,12.11,0.637,68.4,16,10.55,0.659,62.5,3,1.56,0.52,100.0,2025-07-26
GLD_5m,2.0,24,0.75,0.25,2.0,1,True,60,rr,10,65,16.03,0.247,53.8,40,13.64,0.341,52.5,25,2.39,0.096,56.0,2025-07-26
GLD_5m,2.0,24,0.75,0.25,2.0,1,True,60,rr,"10,14",73,13.47,0.184,52.1,45,10.53,0.234,48.9,28,2.93,0.105,57.1,2025-07-26
GLD_5m,2.0,24,0.75,0.25,2.0,1,False,15,pdh_pdl,10,58,19.07,0.329,50.0,40,7.09,0.177,45.0,18,11.98,0.665,61.1,2025-07-26
GLD_5m,2.0,24,0.75,0.25,2.0,1,False,15,pdh_pdl,"10,14",67,25.1,0.375,50.7,46,14.06,0.306,47.8,21,11.04,0.526,57.1,2025-07-26
GLD_5m,2.0,24,0.75,0.25,2.0,1,False,15,rr,10,133,11.55,0.087,42.1,79,8.05,0.102,43.0,54,3.5,0.065,40.7,2025-07-26
GLD_5m,2.0,24,0.75,0.25,2.0,1,False,15,rr,"10,14",161,13.81,0.086,42.9,97,11.39,0.117,44.3,64,2.42,0.038,40.6,2025-07-26
GLD_5m,2.0,24,0.75,0.25,2.0,1,False,30,pdh_pdl,10,53,20.46,0.386,54.7,39,11.96,0.307,51.3,14,8.5,0.607,64.3,2025-07-26
GLD_5m,2.0,24,0.75,0.25,2.0,1,False,30,pdh_pdl,"10,14",61,27.45,0.45,55.7,44,19.89,0.452,54.5,17,7.55,0.444,58.8,2025-07-26
GLD_5m,2.0,24,0.75,0.25,2.0,1,False,30,rr,10,120,28.16,0.235,47.5,76,23.73,0.312,50.0,44,4.43,0.101,43.2,2025-07-26
GLD_5m,2.0,24,0.75,0.25,2.0,1,False,30,rr,"10,14",142,31.31,0.221,48.6,88,24.73,0.281,50.0,54,6.59,0.122,46.3,2025-07-26
GLD_5m,2.0,24,0.75,0.25,2.0,1,False,60,pdh_pdl,10,40,15.57,0.389,57.5,30,11.11,0.37,56.7,10,4.46,0.446,60.0,2025-07-26
GLD_5m,2.0,24,0.75,0.25,2.0,1,False,60,pdh_pdl,"10,14",44,15.64,0.356,56.8,33,11.33,0.343,57.6,11,4.31,0.392,54.5,2025-07-26
GLD_5m,2.0,24,0.75,0.25,2.0,1,False,60,rr,10,90,15.23,0.169,47.8,56,10.72,0.191,48.2,34,4.51,0.133,47.1,2025-07-26
GLD_5m,2.0,24,0.75,0.25,2.0,1,False,60,rr,"10,14",103,15.12,0.147,47.6,64,9.44,0.147,46.9,39,5.68,0.146,48.7,2025-07-26
GLD_5m,2.0,24,0.75,0.25,2.0,2,True,15,pdh_pdl,10,23,5.03,0.219,47.8,16,1.99,0.124,43.8,7,3.04,0.434,57.1,2025-07-26
GLD_5m,2.0,24,0.75,0.25,2.0,2,True,15,pdh_pdl,"10,14",30,9.5,0.317,46.7,22,6.78,0.308,45.5,8,2.72,0.34,50.0,2025-07-26
GLD_5m,2.0,24,0.75,0.25,2.0,2,True,15,rr,10,89,4.0,0.045,48.3,52,3.74,0.072,46.2,37,0.26,0.007,51.4,2025-07-26
GLD_5m,2.0,24,0.75,0.25,2.0,2,True,15,rr,"10,14",106,1.76,0.017,47.2,62,1.9,0.031,45.2,44,-0.14,-0.003,50.0,2025-07-26
GLD_5m,2.0,24,0.75,0.25,2.0,2,True,30,pdh_pdl,10,19,9.23,0.486,63.2,15,6.24,0.416,60.0,4,3.0,0.749,75.0,2025-07-26
GLD_5m,2.0,24,0.75,0.25,2.0,2,True,30,pdh_pdl,"10,14",23,16.83,0.732,65.2,18,14.16,0.786,66.7,5,2.67,0.535,60.0,2025-07-26
GLD_5m,2.0,24,0.75,0.25,2.0,2,True,30,rr,10,78,16.95,0.217,52.6,50,14.88,0.298,52.0,28,2.08,0.074,53.6,2025-07-26
GLD_5m,2.0,24,0.75,0.25,2.0,2,True,30,rr,"10,14",91,17.49,0.192,52.7,56,14.66,0.262,51.8,35,2.83,0.081,54.3,2025-07-26
GLD_5m,2.0,24,0.75,0.25,2.0,2,True,60,pdh_pdl,10,13,4.62,0.355,46.2,11,3.32,0.302,45.5,2,1.3,0.649,50.0,2025-07-26
GLD_5m,2.0,24,0.75,0.25,2.0,2,True,60,pdh_pdl,"10,14",14,4.83,0.345,50.0,12,3.53,0.294,50.0,2,1.3,0.649,50.0,2025-07-26
GLD_5m,2.0,24,0.75,0.25,2.0,2,True,60,rr,10,60,6.25,0.104,43.3,37,7.87,0.213,43.2,23,-1.62,-0.07,43.5,2025-07-26
GLD_5m,2.0,24,0.75,0.25,2.0,2,True,60,rr,"10,14",65,4.85,0.075,44.6,40,5.92,0.148,42.5,25,-1.07,-0.043,48.0,2025-07-26
GLD_5m,2.0,24,0.75,0.25,2.0,2,False,15,pdh_pdl,10,44,4.51,0.102,47.7,28,-2.61,-0.093,42.9,16,7.12,0.445,56.2,2025-07-26
GLD_5m,2.0,24,0.75,0.25,2.0,2,False,15,pdh_pdl,"10,14",53,8.64,0.163,47.2,35,2.42,0.069,45.7,18,6.22,0.346,50.0,2025-07-26
GLD_5m,2.0,24,0.75,0.25,2.0,2,False,15,rr,10,120,-3.94,-0.033,45.8,70,-6.32,-0.09,44.3,50,2.39,0.048,48.0,2025-07-26
GLD_5m,2.0,24,0.75,0.25,2.0,2,False,15,rr,"10,14",146,-6.43,-0.044,45.2,87,-9.2,-0.106,42.5,59,2.77,0.047,49.2,2025-07-26
GLD_5m,2.0,24,0.75,0.25,2.0,2,False,30,pdh_pdl,10,40,6.86,0.171,52.5,27,1.68,0.062,51.9,13,5.17,0.398,53.8,2025-07-26
GLD_5m,2.0,24,0.75,0.25,2.0,2,False,30,pdh_pdl,"10,14",46,14.11,0.307,54.3,31,9.83,0.317,58.1,15,4.28,0.285,46.7,2025-07-26
GLD_5m,2.0,24,0.75,0.25,2.0,2,False,30,rr,10,105,8.45,0.08,48.6,66,5.58,0.085,48.5,39,2.87,0.074,48.7,2025-07-26
GLD_5m,2.0,24,0.75,0.25,2.0,2,False,30,rr,"10,14",124,8.98,0.072,50.0,75,4.31,0.058,48.0,49,4.67,0.095,53.1,2025-07-26
GLD_5m,2.0,24,0.75,0.25,2.0,2,False,60,pdh_pdl,10,30,2.08,0.069,46.7,22,0.08,0.004,50.0,8,2.0,0.25,37.5,2025-07-26
GLD_5m,2.0,24,0.75,0.25,2.0,2,False,60,pdh_pdl,"10,14",33,1.95,0.059,48.5,24,0.52,0.022,54.2,9,1.43,0.159,33.3,2025-07-26
GLD_5m,2.0,24,0.75,0.25,2.0,2,False,60,rr,10,78,1.95,0.025,43.6,48,-0.11,-0.002,43.8,30,2.06,0.069,43.3,2025-07-26
GLD_5m,2.0,24,0.75,0.25,2.0,2,False,60,rr,"10,14",86,2.92,0.034,46.5,53,-0.38,-0.007,45.3,33,3.29,0.1,48.5,2025-07-26
GLD_5m,2.0,24,0.75,0.25,2.0,3,True,15,pdh_pdl,10,8,6.59,0.824,62.5,6,5.27,0.879,66.7,2,1.32,0.659,50.0,2025-07-26
GLD_5m,2.0,24,0.75,0.25,2.0,3,True,15,pdh_pdl,"10,14",11,9.3,0.846,63.6,9,7.98,0.887,66.7,2,1.32,0.659,50.0,2025-07-26
GLD_5m,2.0,24,0.75,0.25,2.0,3,True,15,rr,10,44,10.31,0.234,52.3,26,8.75,0.337,50.0,18,1.56,0.086,55.6,2025-07-26
GLD_5m,2.0,24,0.75,0.25,2.0,3,True,15,rr,"10,14",53,10.8,0.204,49.1,30,9.57,0.319,50.0,23,1.23,0.053,47.8,2025-07-26
GLD_5m,2.0,24,0.75,0.25,2.0,3,True,30,pdh_pdl,10,7,5.18,0.74,57.1,6,5.27,0.879,66.7,1,-0.1,-0.097,0.0,2025-07-26
GLD_5m,2.0,24,0.75,0.25,2.0,3,True,30,pdh_pdl,"10,14",9,8.91,0.99,66.7,8,9.0,1.126,75.0,1,-0.1,-0.097,0.0,2025-07-26
GLD_5m,2.0,24,0.75,0.25,2.0,3,True,30,rr,10,39,8.13,0.208,48.7,25,7.47,0.299,48.0,14,0.66,0.047,50.0,2025-07-26
GLD_5m,2.0,24,0.75,0.25,2.0,3,True,30,rr,"10,14",47,9.64,0.205,46.8,28,9.31,0.333,50.0,19,0.33,0.018,42.1,2025-07-26
GLD_5m,2.0,24,0.75,0.25,2.0,3,True,60,pdh_pdl,10,4,4.44,1.109,75.0,4,4.44,1.109,75.0,0,0.0,0.0,0.0,2025-07-26
GLD_5m,2.0,24,0.75,0.25,2.0,3,True,60,pdh_pdl,"10,14",4,4.44,1.109,75.0,4,4.44,1.109,75.0,0,0.0,0.0,0.0,2025-07-26
GLD_5m,2.0,24,0.75,0.25,2.0,3,True,60,rr,10,20,6.11,0.306,55.0,14,6.03,0.431,57.1,6,0.08,0.013,50.0,2025-07-26
GLD_5m,2.0,24,0.75,0.25,2.0,3,True,60,rr,"10,14",22,4.78,0.217,50.0,15,4.95,0.33,53.3,7,-0.17,-0.024,42.9,2025-07-26
GLD_5m,2.0,24,0.75,0.25,2.0,3,False,15,pdh_pdl,10,13,4.8,0.37,53.8,9,3.5,0.389,55.6,4,1.31,0.327,50.0,2025-07-26
GLD_5m,2.0,24,0.75,0.25,2.0,3,False,15,pdh_pdl,"10,14",18,7.09,0.394,55.6,13,6.44,0.495,61.5,5,0.66,0.131,40.0,2025-07-26
GLD_5m,2.0,24,0.75,0.25,2.0,3,False,15,rr,10,60,5.78,0.096,50.0,36,5.96,0.166,50.0,24,-0.18,-0.007,50.0,2025-07-26
GLD_5m,2.0,24,0.75,0.25,2.0,3,False,15,rr,"10,14",79,6.55,0.083,49.4,46,6.73,0.146,50.0,33,-0.18,-0.005,48.5,2025-07-26
GLD_5m,2.0,24,0.75,0.25,2.0,3,False,30,pdh_pdl,10,11,5.56,0.505,54.5,8,4.54,0.567,62.5,3,1.02,0.34,33.3,2025-07-26
GLD_5m,2.0,24,0.75,0.25,2.0,3,False,30,pdh_pdl,"10,14",15,8.86,0.591,60.0,11,8.5,0.772,72.7,4,0.37,0.092,25.0,2025-07-26
GLD_5m,2.0,24,0.75,0.25,2.0,3,False,30,rr,10,50,6.31,0.126,48.0,32,4.63,0.145,46.9,18,1.68,0.093,50.0,2025-07-26
GLD_5m,2.0,24,0.75,0.25,2.0,3,False,30,rr,"10,14",65,8.05,0.124,49.2,38,6.37,0.168,50.0,27,1.68,0.062,48.1,2025-07-26
GLD_5m,2.0,24,0.75,0.25,2.0,3,False,60,pdh_pdl,10,5,3.42,0.684,60.0,5,3.42,0.684,60.0,0,0.0,0.0,0.0,2025-07-26
GLD_5m,2.0,24,0.75,0.25,2.0,3,False,60,pdh_pdl,"10,14",7,3.0,0.428,57.1,6,3.65,0.608,66.7,1,-0.65,-0.651,0.0,2025-07-26
GLD_5m,2.0,24,0.75,0.25,2.0,3,False,60,rr,10,24,3.25,0.135,50.0,17,2.91,0.171,47.1,7,0.34,0.049,57.1,2025-07-26
GLD_5m,2.0,24,0.75,0.25,2.0,3,False,60,rr,"10,14",29,1.77,0.061,48.3,20,2.33,0.116,50.0,9,-0.56,-0.062,44.4,2025-07-26
GLD_5m,2.0,24,0.75,0.25,3.0,1,True,15,pdh_pdl,10,11,-2.74,-0.249,36.4,9,-2.11,-0.235,33.3,2,-0.63,-0.316,50.0,2025-07-26
GLD_5m,2.0,24,0.75,0.25,3.0,1,True,15,pdh_pdl,"10,14",13,-3.74,-0.288,38.5,10,-2.08,-0.208,40.0,3,-1.67,-0.555,33.3,2025-07-26
GLD_5m,2.0,24,0.75,0.25,3.0,1,True,15,rr,10,51,-1.13,-0.022,45.1,29,1.54,0.053,48.3,22,-2.67,-0.122,40.9,2025-07-26
GLD_5m,2.0,24,0.75,0.25,3.0,1,True,15,rr,"10,14",57,-2.54,-0.044,43.9,33,2.26,0.068,48.5,24,-4.79,-0.2,37.5,2025-07-26
GLD_5m,2.0,24,0.75,0.25,3.0,1,True,30,pdh_pdl,10,9,3.46,0.384,66.7,8,3.06,0.382,62.5,1,0.4,0.401,100.0,2025-07-26
GLD_5m,2.0,24,0.75,0.25,3.0,1,True,30,pdh_pdl,"10,14",10,3.49,0.349,70.0,9,3.09,0.344,66.7,1,0.4,0.401,100.0,2025-07-26
GLD_5m,2.0,24,0.75,0.25,3.0,1,True,30,rr,10,46,19.75,0.429,60.9,29,17.79,0.613,69.0,17,1.96,0.115,47.1,2025-07-26
GLD_5m,2.0,24,0.75,0.25,3.0,1,True,30,rr,"10,14",50,17.69,0.354,60.0,32,15.62,0.488,65.6,18,2.07,0.115,50.0,2025-07-26
GLD_5m,2.0,24,0.75,0.25,3.0,1,True,60,pdh_pdl,10,6,1.95,0.325,66.7,5,1.77,0.355,60.0,1,0.18,0.177,100.0,2025-07-26
GLD_5m,2.0,24,0.75,0.25,3.0,1,True,60,pdh_pdl,"10,14",6,1.95,0.325,66.7,5,1.77,0.355,60.0,1,0.18,0.177,100.0,2025-07-26
GLD_5m,2.0,24,0.75,0.25,3.0,1,True,60,rr,10,32,8.63,0.27,59.4,19,10.94,0.576,68.4,13,-2.32,-0.178,46.2,2025-07-26
GLD_5m,2.0,24,0.75,0.25,3.0,1,True,60,rr,"10,14",35,6.52,0.186,57.1,21,8.73,0.416,61.9,14,-2.21,-0.158,50.0,2025-07-26
GLD_5m,2.0,24,0.75,0.25,3.0,1,False,15,pdh_pdl,10,21,2.16,0.103,47.6,17,0.05,0.003,47.1,4,2.11,0.526,50.0,2025-07-26
GLD_5m,2.0,24,0.75,0.25,3.0,1,False,15,pdh_pdl,"10,14",25,2.13,0.085,48.0,19,1.21,0.064,52.6,6,0.93,0.154,33.3,2025-07-26
GLD_5m,2.0,24,0.75,0.25,3.0,1,False,15,rr,10,64,0.19,0.003,43.8,38,1.43,0.038,47.4,26,-1.24,-0.048,38.5,2025-07-26
GLD_5m,2.0,24,0.75,0.25,3.0,1,False,15,rr,"10,14",78,-0.23,-0.003,44.9,47,3.38,0.072,48.9,31,-3.61,-0.116,38.7,2025-07-26
GLD_5m,2.0,24,0.75,0.25,3.0,1,False,30,pdh_pdl,10,19,5.52,0.29,57.9,15,3.41,0.227,60.0,4,2.11,0.526,50.0,2025-07-26
GLD_5m,2.0,24,0.75,0.25,3.0,1,False,30,pdh_pdl,"10,14",23,5.49,0.239,56.5,17,4.56,0.268,64.7,6,0.93,0.154,33.3,2025-07-26
GLD_5m,2.0,24,0.75,0.25,3.0,1,False,30,rr,10,58,22.46,0.387,56.9,37,19.85,0.536,64.9,21,2.61,0.124,42.9,2025-07-26
GLD_5m,2.0,24,0.75,0.25,3.0,1,False,30,rr,"10,14",67,20.43,0.305,56.7,42,17.78,0.423,61.9,25,2.65,0.106,48.0,2025-07-26
GLD_5m,2.0,24,0.75,0.25,3.0,1,False,60,pdh_pdl,10,15,6.8,0.453,60.0,11,4.24,0.385,63.6,4,2.56,0.64,50.0,2025-07-26
GLD_5m,2.0,24,0.75,0.25,3.0,1,False,60,pdh_pdl,"10,14",17,7.77,0.457,58.8,12,5.35,0.446,66.7,5,2.42,0.483,40.0,2025-07-26
GLD_5m,2.0,24,0.75,0.25,3.0,1,False,60,rr,10,42,11.94,0.284,52.4,25,12.16,0.486,64.0,17,-0.21,-0.013,35.3,2025-07-26
GLD_5m,2.0,24,0.75,0.25,3.0,1,False,60,rr,"10,14",49,13.04,0.266,53.1,29,12.52,0.432,62.1,20,0.52,0.026,40.0,2025-07-26
GLD_5m,2.0,24,0.75,0.25,3.0,2,True,15,pdh_pdl,10,9,-0.58,-0.065,44.4,7,-0.63,-0.09,42.9,2,0.05,0.024,50.0,2025-07-26
GLD_5m,2.0,24,0.75,0.25,3.0,2,True,15,pdh_pdl,"10,14",10,-0.55,-0.055,50.0,8,-0.6,-0.075,50.0,2,0.05,0.024,50.0,2025-07-26
GLD_5m,2.0,24,0.75,0.25,3.0,2,True,15,rr,10,45,2.96,0.066,53.3,25,2.59,0.104,48.0,20,0.37,0.019,60.0,2025-07-26
GLD_5m,2.0,24,0.75,0.25,3.0,2,True,15,rr,"10,14",50,1.22,0.024,52.0,29,1.91,0.066,48.3,21,-0.7,-0.033,57.1,2025-07-26
GLD_5m,2.0,24,0.75,0.25,3.0,2,True,30,pdh_pdl,10,7,2.87,0.41,71.4,6,2.47,0.411,66.7,1,0.4,0.401,100.0,2025-07-26
GLD_5m,2.0,24,0.75,0.25,3.0,2,True,30,pdh_pdl,"10,14",8,2.9,0.363,75.0,7,2.5,0.357,71.4,1,0.4,0.401,100.0,2025-07-26
GLD_5m,2.0,24,0.75,0.25,3.0,2,True,30,rr,10,40,17.92,0.448,62.5,25,14.01,0.561,60.0,15,3.91,0.261,66.7,2025-07-26
GLD_5m,2.0,24,0.75,0.25,3.0,2,True,30,rr,"10,14",44,15.86,0.361,61.4,28,11.85,0.423,57.1,16,4.02,0.251,68.8,2025-07-26
GLD_5m,2.0,24,0.75,0.25,3.0,2,True,60,pdh_pdl,10,4,0.43,0.109,50.0,4,0.43,0.109,50.0,0,0.0,0.0,0.0,2025-07-26
GLD_5m,2.0,24,0.75,0.25,3.0,2,True,60,pdh_pdl,"10,14",4,0.43,0.109,50.0,4,0.43,0.109,50.0,0,0.0,0.0,0.0,2025-07-26
GLD_5m,2.0,24,0.75,0.25,3.0,2,True,60,rr,10,27,6.66,0.247,48.1,16,8.29,0.518,50.0,11,-1.63,-0.148,45.5,2025-07-26
GLD_5m,2.0,24,0.75,0.25,3.0,2,True,60,rr,"10,14",30,4.61,0.154,46.7,18,6.13,0.34,44.4,12,-1.52,-0.127,50.0,2025-07-26
GLD_5m,2.0,24,0.75,0.25,3.0,2,False,15,pdh_pdl,10,14,-0.47,-0.034,50.0,10,-1.3,-0.13,50.0,4,0.83,0.208,50.0,2025-07-26
GLD_5m,2.0,24,0.75,0.25,3.0,2,False,15,pdh_pdl,"10,14",17,-0.78,-0.046,52.9,12,-1.04,-0.087,58.3,5,0.25,0.051,40.0,2025-07-26
GLD_5m,2.0,24,0.75,0.25,3.0,2,False,15,rr,10,55,-3.16,-0.057,49.1,31,-2.82,-0.091,45.2,24,-0.33,-0.014,54.2,2025-07-26
GLD_5m,2.0,24,0.75,0.25,3.0,2,False,15,rr,"10,14",69,-4.9,-0.071,49.3,40,-3.51,-0.088,45.0,29,-1.39,-0.048,55.2,2025-07-26
GLD_5m,2.0,24,0.75,0.25,3.0,2,False,30,pdh_pdl,10,14,1.62,0.116,57.1,10,0.79,0.079,60.0,4,0.83,0.208,50.0,2025-07-26
GLD_5m,2.0,24,0.75,0.25,3.0,2,False,30,pdh_pdl,"10,14",17,1.31,0.077,58.8,12,1.06,0.088,66.7,5,0.25,0.051,40.0,2025-07-26
GLD_5m,2.0,24,0.75,0.25,3.0,2,False,30,rr,10,50,12.5,0.25,56.0,31,9.19,0.296,54.8,19,3.31,0.174,57.9,2025-07-26
GLD_5m,2.0,24,0.75,0.25,3.0,2,False,30,rr,"10,14",59,10.71,0.181,57.6,36,6.23,0.173,52.8,23,4.47,0.195,65.2,2025-07-26
GLD_5m,2.0,24,0.75,0.25,3.0,2,False,60,pdh_pdl,10,11,-0.83,-0.075,45.5,8,-1.26,-0.157,50.0,3,0.43,0.143,33.3,2025-07-26
GLD_5m,2.0,24,0.75,0.25,3.0,2,False,60,pdh_pdl,"10,14",13,-1.17,-0.09,46.2,9,-1.03,-0.114,55.6,4,-0.15,-0.037,25.0,2025-07-26
GLD_5m,2.0,24,0.75,0.25,3.0,2,False,60,rr,10,35,4.39,0.126,45.7,20,2.61,0.131,45.0,15,1.78,0.119,46.7,2025-07-26
GLD_5m,2.0,24,0.75,0.25,3.0,2,False,60,rr,"10,14",41,4.7,0.115,48.8,24,2.14,0.089,45.8,17,2.57,0.151,52.9,2025-07-26
GLD_5m,2.0,24,0.75,0.25,3.0,3,True,15,pdh_pdl,10,2,-0.1,-0.051,0.0,1,-0.01,-0.005,0.0,1,-0.1,-0.097,0.0,2025-07-26
GLD_5m,2.0,24,0.75,0.25,3.0,3,True,15,pdh_pdl,"10,14",3,-0.07,-0.023,33.3,2,0.03,0.014,50.0,1,-0.1,-0.097,0.0,2025-07-26
GLD_5m,2.0,24,0.75,0.25,3.0,3,True,15,rr,10,24,7.13,0.297,54.2,13,4.78,0.368,46.2,11,2.35,0.214,63.6,2025-07-26
GLD_5m,2.0,24,0.75,0.25,3.0,3,True,15,rr,"10,14",27,5.84,0.216,51.9,15,3.73,0.249,46.7,12,2.11,0.176,58.3,2025-07-26
GLD_5m,2.0,24,0.75,0.25,3.0,3,True,30,pdh_pdl,10,2,-0.1,-0.051,0.0,1,-0.01,-0.005,0.0,1,-0.1,-0.097,0.0,2025-07-26
GLD_5m,2.0,24,0.75,0.25,3.0,3,True,30,pdh_pdl,"10,14",3,-0.07,-0.023,33.3,2,0.03,0.014,50.0,1,-0.1,-0.097,0.0,2025-07-26
GLD_5m,2.0,24,0.75,0.25,3.0,3,True,30,rr,10,23,6.75,0.293,52.2,14,4.94,0.353,50.0,9,1.81,0.201,55.6,2025-07-26
GLD_5m,2.0,24,0.75,0.25,3.0,3,True,30,rr,"10,14",26,5.45,0.21,50.0,16,3.89,0.243,50.0,10,1.56,0.156,50.0,2025-07-26
GLD_5m,2.0,24,0.75,0.25,3.0,3,True,60,pdh_pdl,10,1,-1.06,-1.058,0.0,1,-1.06,-1.058,0.0,0,0.0,0.0,0.0,2025-07-26
GLD_5m,2.0,24,0.75,0.25,3.0,3,True,60,pdh_pdl,"10,14",1,-1.06,-1.058,0.0,1,-1.06,-1.058,0.0,0,0.0,0.0,0.0,2025-07-26
GLD_5m,2.0,24,0.75,0.25,3.0,3,True,60,rr,10,10,2.29,0.229,60.0,6,3.02,0.504,66.7,4,-0.73,-0.184,50.0,2025-07-26
GLD_5m,2.0,24,0.75,0.25,3.0,3,True,60,rr,"10,14",12,0.96,0.08,50.0,7,1.94,0.277,57.1,5,-0.98,-0.196,40.0,2025-07-26
GLD_5m,2.0,24,0.75,0.25,3.0,3,False,15,pdh_pdl,10,3,-1.14,-0.382,0.0,2,-1.05,-0.524,0.0,1,-0.1,-0.097,0.0,2025-07-26
GLD_5m,2.0,24,0.75,0.25,3.0,3,False,15,pdh_pdl,"10,14",6,-1.53,-0.255,33.3,4,-0.78,-0.196,50.0,2,-0.75,-0.374,0.0,2025-07-26
GLD_5m,2.0,24,0.75,0.25,3.0,3,False,15,rr,10,30,5.88,0.196,53.3,17,3.87,0.228,47.1,13,2.0,0.154,61.5,2025-07-26
GLD_5m,2.0,24,0.75,0.25,3.0,3,False,15,rr,"10,14",42,5.46,0.13,54.8,24,3.37,0.141,50.0,18,2.08,0.116,61.1,2025-07-26
GLD_5m,2.0,24,0.75,0.25,3.0,3,False,30,pdh_pdl,10,3,-1.14,-0.382,0.0,2,-1.05,-0.524,0.0,1,-0.1,-0.097,0.0,2025-07-26
GLD_5m,2.0,24,0.75,0.25,3.0,3,False,30,pdh_pdl,"10,14",6,-1.53,-0.255,33.3,4,-0.78,-0.196,50.0,2,-0.75,-0.374,0.0,2025-07-26
GLD_5m,2.0,24,0.75,0.25,3.0,3,False,30,rr,10,27,5.88,0.218,51.9,17,3.81,0.224,47.1,10,2.07,0.207,60.0,2025-07-26
GLD_5m,2.0,24,0.75,0.25,3.0,3,False,30,rr,"10,14",36,5.41,0.15,55.6,21,3.26,0.155,52.4,15,2.15,0.143,60.0,2025-07-26
GLD_5m,2.0,24,0.75,0.25,3.0,3,False,60,pdh_pdl,10,1,-1.06,-1.058,0.0,1,-1.06,-1.058,0.0,0,0.0,0.0,0.0,2025-07-26
GLD_5m,2.0,24,0.75,0.25,3.0,3,False,60,pdh_pdl,"10,14",3,-1.48,-0.493,33.3,2,-0.83,-0.413,50.0,1,-0.65,-0.651,0.0,2025-07-26
GLD_5m,2.0,24,0.75,0.25,3.0,3,False,60,rr,10,12,1.5,0.125,58.3,7,1.97,0.282,57.1,5,-0.47,-0.094,60.0,2025-07-26
GLD_5m,2.0,24,0.75,0.25,3.0,3,False,60,rr,"10,14",17,0.03,0.002,52.9,10,1.39,0.139,60.0,7,-1.37,-0.195,42.9,2025-07-26
SPY_5m,2.0,24,0.75,0.25,1.0,1,True,15,pdh_pdl,10,73,14.86,0.204,39.7,42,1.94,0.046,38.1,31,12.91,0.417,41.9,2025-07-27
SPY_5m,2.0,24,0.75,0.25,1.0,1,True,15,pdh_pdl,"10,14",81,16.75,0.207,40.7,47,5.28,0.112,42.6,34,11.47,0.337,38.2,2025-07-27
SPY_5m,2.0,24,0.75,0.25,1.0,1,True,15,rr,10,175,12.02,0.069,40.0,105,3.27,0.031,38.1,70,8.75,0.125,42.9,2025-07-27
SPY_5m,2.0,24,0.75,0.25,1.0,1,True,15,rr,"10,14",215,15.94,0.074,42.3,128,6.25,0.049,41.4,87,9.7,0.111,43.7,2025-07-27
SPY_5m,2.0,24,0.75,0.25,1.0,1,True,30,pdh_pdl,10,56,4.78,0.085,39.3,33,3.57,0.108,39.4,23,1.21,0.053,39.1,2025-07-27
SPY_5m,2.0,24,0.75,0.25,1.0,1,True,30,pdh_pdl,"10,14",64,5.34,0.083,39.1,37,6.59,0.178,43.2,27,-1.24,-0.046,33.3,2025-07-27
SPY_5m,2.0,24,0.75,0.25,1.0,1,True,30,rr,10,138,-5.76,-0.042,37.7,84,-4.95,-0.059,35.7,54,-0.8,-0.015,40.7,2025-07-27
SPY_5m,2.0,24,0.75,0.25,1.0,1,True,30,rr,"10,14",177,2.95,0.017,41.2,107,-0.61,-0.006,40.2,70,3.56,0.051,42.9,2025-07-27
SPY_5m,2.0,24,0.75,0.25,1.0,1,True,60,pdh_pdl,10,44,6.32,0.144,40.9,26,10.56,0.406,42.3,18,-4.23,-0.235,38.9,2025-07-27
SPY_5m,2.0,24,0.75,0.25,1.0,1,True,60,pdh_pdl,"10,14",49,6.34,0.129,40.8,27,10.88,0.403,44.4,22,-4.53,-0.206,36.4,2025-07-27
SPY_5m,2.0,24,0.75,0.25,1.0,1,True,60,rr,10,106,-8.1,-0.076,39.6,63,-2.55,-0.04,36.5,43,-5.56,-0.129,44.2,2025-07-27
SPY_5m,2.0,24,0.75,0.25,1.0,1,True,60,rr,"10,14",124,-10.72,-0.086,39.5,74,-2.7,-0.036,39.2,50,-8.01,-0.16,40.0,2025-07-27
SPY_5m,2.0,24,0.75,0.25,1.0,1,False,15,pdh_pdl,10,136,43.4,0.319,38.2,79,8.94,0.113,32.9,57,34.46,0.605,45.6,2025-07-27
SPY_5m,2.0,24,0.75,0.25,1.0,1,False,15,pdh_pdl,"10,14",152,54.59,0.359,42.1,89,21.57,0.242,39.3,63,33.02,0.524,46.0,2025-07-27
SPY_5m,2.0,24,0.75,0.25,1.0,1,False,15,rr,10,266,24.35,0.092,39.1,155,2.83,0.018,36.1,111,21.51,0.194,43.2,2025-07-27
SPY_5m,2.0,24,0.75,0.25,1.0,1,False,15,rr,"10,14",312,27.57,0.088,40.7,179,4.02,0.022,37.4,133,23.55,0.177,45.1,2025-07-27
SPY_5m,2.0,24,0.75,0.25,1.0,1,False,30,pdh_pdl,10,122,39.67,0.325,38.5,70,11.93,0.17,35.7,52,27.74,0.533,42.3,2025-07-27
SPY_5m,2.0,24,0.75,0.25,1.0,1,False,30,pdh_pdl,"10,14",134,39.85,0.297,41.0,76,13.55,0.178,39.5,58,26.3,0.453,43.1,2025-07-27
SPY_5m,2.0,24,0.75,0.25,1.0,1,False,30,rr,10,226,13.35,0.059,38.1,130,0.25,0.002,34.6,96,13.1,0.136,42.7,2025-07-27
SPY_5m,2.0,24,0.75,0.25,1.0,1,False,30,rr,"10,14",274,18.1,0.066,41.2,155,0.79,0.005,37.4,119,17.31,0.145,46.2,2025-07-27
SPY_5m,2.0,24,0.75,0.25,1.0,1,False,60,pdh_pdl,10,104,5.24,0.05,35.6,63,1.12,0.018,34.9,41,4.12,0.1,36.6,2025-07-27
SPY_5m,2.0,24,0.75,0.25,1.0,1,False,60,pdh_pdl,"10,14",112,3.9,0.035,36.6,67,-0.3,-0.005,35.8,45,4.2,0.093,37.8,2025-07-27
SPY_5m,2.0,24,0.75,0.25,1.0,1,False,60,rr,10,188,-12.59,-0.067,37.8,111,-11.36,-0.102,34.2,77,-1.23,-0.016,42.9,2025-07-27
SPY_5m,2.0,24,0.75,0.25,1.0,1,False,60,rr,"10,14",215,-23.9,-0.111,36.7,126,-17.45,-0.139,34.1,89,-6.44,-0.072,40.4,2025-07-27
SPY_5m,2.0,24,0.75,0.25,1.0,2,True,15,pdh_pdl,10,45,4.19,0.093,51.1,29,-1.57,-0.054,48.3,16,5.76,0.36,56.2,2025-07-27
SPY_5m,2.0,24,0.75,0.25,1.0,2,True,15,pdh_pdl,"10,14",51,5.08,0.1,51.0,33,0.05,0.002,51.5,18,5.03,0.279,50.0,2025-07-27
SPY_5m,2.0,24,0.75,0.25,1.0,2,True,15,rr,10,153,2.71,0.018,47.7,94,-2.33,-0.025,44.7,59,5.04,0.085,52.5,2025-07-27
SPY_5m,2.0,24,0.75,0.25,1.0,2,True,15,rr,"10,14",186,2.14,0.011,47.8,115,-4.67,-0.041,44.3,71,6.81,0.096,53.5,2025-07-27
SPY_5m,2.0,24,0.75,0.25,1.0,2,True,30,pdh_pdl,10,30,3.46,0.115,56.7,22,1.97,0.089,54.5,8,1.49,0.187,62.5,2025-07-27
SPY_5m,2.0,24,0.75,0.25,1.0,2,True,30,pdh_pdl,"10,14",35,4.05,0.116,54.3,25,3.28,0.131,56.0,10,0.77,0.077,50.0,2025-07-27
SPY_5m,2.0,24,0.75,0.25,1.0,2,True,30,rr,10,116,-4.22,-0.036,45.7,74,-2.9,-0.039,44.6,42,-1.32,-0.031,47.6,2025-07-27
SPY_5m,2.0,24,0.75,0.25,1.0,2,True,30,rr,"10,14",144,-0.72,-0.005,47.2,91,-3.93,-0.043,45.1,53,3.21,0.061,50.9,2025-07-27
SPY_5m,2.0,24,0.75,0.25,1.0,2,True,60,pdh_pdl,10,24,1.73,0.072,50.0,16,2.56,0.16,50.0,8,-0.83,-0.104,50.0,2025-07-27
SPY_5m,2.0,24,0.75,0.25,1.0,2,True,60,pdh_pdl,"10,14",26,2.02,0.078,50.0,17,2.88,0.169,52.9,9,-0.86,-0.095,44.4,2025-07-27
SPY_5m,2.0,24,0.75,0.25,1.0,2,True,60,rr,10,85,-6.68,-0.079,45.9,51,-0.7,-0.014,47.1,34,-5.99,-0.176,44.1,2025-07-27
SPY_5m,2.0,24,0.75,0.25,1.0,2,True,60,rr,"10,14",96,-10.92,-0.114,44.8,58,-2.79,-0.048,46.6,38,-8.13,-0.214,42.1,2025-07-27
SPY_5m,2.0,24,0.75,0.25,1.0,2,False,15,pdh_pdl,10,91,16.15,0.177,44.0,56,-4.25,-0.076,39.3,35,20.4,0.583,51.4,2025-07-27
SPY_5m,2.0,24,0.75,0.25,1.0,2,False,15,pdh_pdl,"10,14",103,26.78,0.26,46.6,65,7.35,0.113,46.2,38,19.43,0.511,47.4,2025-07-27
SPY_5m,2.0,24,0.75,0.25,1.0,2,False,15,rr,10,238,8.73,0.037,45.0,140,0.24,0.002,42.1,98,8.49,0.087,49.0,2025-07-27
SPY_5m,2.0,24,0.75,0.25,1.0,2,False,15,rr,"10,14",279,14.82,0.053,45.5,164,1.58,0.01,42.7,115,13.24,0.115,49.6,2025-07-27
SPY_5m,2.0,24,0.75,0.25,1.0,2,False,30,pdh_pdl,10,80,18.49,0.231,45.0,50,-0.66,-0.013,42.0,30,19.15,0.638,50.0,2025-07-27
SPY_5m,2.0,24,0.75,0.25,1.0,2,False,30,pdh_pdl,"10,14",88,19.29,0.219,45.5,55,1.11,0.02,45.5,33,18.18,0.551,45.5,2025-07-27
SPY_5m,2.0,24,0.75,0.25,1.0,2,False,30,rr,10,196,4.87,0.025,44.9,114,-3.55,-0.031,41.2,82,8.42,0.103,50.0,2025-07-27
SPY_5m,2.0,24,0.75,0.25,1.0,2,False,30,rr,"10,14",234,6.72,0.029,45.7,135,-4.98,-0.037,42.2,99,11.7,0.118,50.5,2025-07-27
SPY_5m,2.0,24,0.75,0.25,1.0,2,False,60,pdh_pdl,10,65,4.59,0.071,44.6,43,-1.12,-0.026,41.9,22,5.7,0.259,50.0,2025-07-27
SPY_5m,2.0,24,0.75,0.25,1.0,2,False,60,pdh_pdl,"10,14",70,5.94,0.085,45.7,46,0.5,0.011,45.7,24,5.44,0.227,45.8,2025-07-27
SPY_5m,2.0,24,0.75,0.25,1.0,2,False,60,rr,10,151,-5.73,-0.038,46.4,91,-8.22,-0.09,42.9,60,2.48,0.041,51.7,2025-07-27
SPY_5m,2.0,24,0.75,0.25,1.0,2,False,60,rr,"10,14",171,-11.23,-0.066,45.0,105,-11.27,-0.107,42.9,66,0.04,0.001,48.5,2025-07-27
SPY_5m,2.0,24,0.75,0.25,1.0,3,True,15,pdh_pdl,10,10,-0.58,-0.058,60.0,8,-3.06,-0.383,50.0,2,2.48,1.241,100.0,2025-07-27
SPY_5m,2.0,24,0.75,0.25,1.0,3,True,15,pdh_pdl,"10,14",13,-1.32,-0.101,46.2,9,-3.07,-0.341,44.4,4,1.75,0.438,50.0,2025-07-27
SPY_5m,2.0,24,0.75,0.25,1.0,3,True,15,rr,10,70,7.52,0.107,61.4,44,-3.9,-0.089,50.0,26,11.41,0.439,80.8,2025-07-27
SPY_5m,2.0,24,0.75,0.25,1.0,3,True,15,rr,"10,14",93,4.43,0.048,54.8,55,-5.54,-0.101,47.3,38,9.97,0.262,65.8,2025-07-27
SPY_5m,2.0,24,0.75,0.25,1.0,3,True,30,pdh_pdl,10,6,-1.37,-0.228,66.7,6,-1.37,-0.228,66.7,0,0.0,0.0,0.0,2025-07-27
SPY_5m,2.0,24,0.75,0.25,1.0,3,True,30,pdh_pdl,"10,14",9,-2.11,-0.234,44.4,7,-1.38,-0.197,57.1,2,-0.73,-0.364,0.0,2025-07-27
SPY_5m,2.0,24,0.75,0.25,1.0,3,True,30,rr,10,50,-2.96,-0.059,56.0,35,-5.9,-0.169,45.7,15,2.94,0.196,80.0,2025-07-27
SPY_5m,2.0,24,0.75,0.25,1.0,3,True,30,rr,"10,14",68,-4.03,-0.059,50.0,43,-5.91,-0.138,44.2,25,1.88,0.075,60.0,2025-07-27
SPY_5m,2.0,24,0.75,0.25,1.0,3,True,60,pdh_pdl,10,4,-0.83,-0.208,50.0,4,-0.83,-0.208,50.0,0,0.0,0.0,0.0,2025-07-27
SPY_5m,2.0,24,0.75,0.25,1.0,3,True,60,pdh_pdl,"10,14",5,-0.86,-0.171,40.0,4,-0.83,-0.208,50.0,1,-0.03,-0.025,0.0,2025-07-27
SPY_5m,2.0,24,0.75,0.25,1.0,3,True,60,rr,10,29,-0.93,-0.032,55.2,19,-1.98,-0.104,42.1,10,1.05,0.105,80.0,2025-07-27
SPY_5m,2.0,24,0.75,0.25,1.0,3,True,60,rr,"10,14",34,-1.8,-0.053,52.9,22,-1.79,-0.081,45.5,12,-0.01,-0.001,66.7,2025-07-27
SPY_5m,2.0,24,0.75,0.25,1.0,3,False,15,pdh_pdl,10,20,10.27,0.513,55.0,14,-1.32,-0.094,50.0,6,11.59,1.931,66.7,2025-07-27
SPY_5m,2.0,24,0.75,0.25,1.0,3,False,15,pdh_pdl,"10,14",27,9.42,0.349,44.4,19,-1.44,-0.076,42.1,8,10.86,1.357,50.0,2025-07-27
SPY_5m,2.0,24,0.75,0.25,1.0,3,False,15,rr,10,114,13.91,0.122,61.4,64,-2.89,-0.045,51.6,50,16.79,0.336,74.0,2025-07-27
SPY_5m,2.0,24,0.75,0.25,1.0,3,False,15,rr,"10,14",148,11.98,0.081,56.1,83,-3.22,-0.039,48.2,65,15.2,0.234,66.2,2025-07-27
SPY_5m,2.0,24,0.75,0.25,1.0,3,False,30,pdh_pdl,10,18,12.28,0.682,61.1,12,0.7,0.058,58.3,6,11.59,1.931,66.7,2025-07-27
SPY_5m,2.0,24,0.75,0.25,1.0,3,False,30,pdh_pdl,"10,14",23,11.04,0.48,47.8,15,0.19,0.012,46.7,8,10.86,1.357,50.0,2025-07-27
SPY_5m,2.0,24,0.75,0.25,1.0,3,False,30,rr,10,87,4.96,0.057,59.8,49,-6.07,-0.124,46.9,38,11.03,0.29,76.3,2025-07-27
SPY_5m,2.0,24,0.75,0.25,1.0,3,False,30,rr,"10,14",114,4.67,0.041,56.1,61,-5.82,-0.095,45.9,53,10.49,0.198,67.9,2025-07-27
SPY_5m,2.0,24,0.75,0.25,1.0,3,False,60,pdh_pdl,10,12,0.5,0.042,58.3,8,0.27,0.033,62.5,4,0.23,0.058,50.0,2025-07-27
SPY_5m,2.0,24,0.75,0.25,1.0,3,False,60,pdh_pdl,"10,14",14,0.43,0.031,50.0,9,0.22,0.025,55.6,5,0.21,0.042,40.0,2025-07-27
SPY_5m,2.0,24,0.75,0.25,1.0,3,False,60,rr,10,55,0.27,0.005,58.2,31,-4.89,-0.158,41.9,24,5.15,0.215,79.2,2025-07-27
SPY_5m,2.0,24,0.75,0.25,1.0,3,False,60,rr,"10,14",66,-0.81,-0.012,54.5,39,-4.47,-0.115,43.6,27,3.66,0.135,70.4,2025-07-27
SPY_5m,2.0,24,0.75,0.25,2.0,1,True,15,pdh_pdl,10,39,16.38,0.42,46.2,25,8.02,0.321,44.0,14,8.36,0.597,50.0,2025-07-27
SPY_5m,2.0,24,0.75,0.25,2.0,1,True,15,pdh_pdl,"10,14",47,20.44,0.435,48.9,30,11.35,0.378,50.0,17,9.09,0.535,47.1,2025-07-27
SPY_5m,2.0,24,0.75,0.25,2.0,1,True,15,rr,10,105,15.72,0.15,41.9,63,10.02,0.159,39.7,42,5.7,0.136,45.2,2025-07-27
SPY_5m,2.0,24,0.75,0.25,2.0,1,True,15,rr,"10,14",139,24.53,0.176,45.3,80,12.68,0.159,43.8,59,11.85,0.201,47.5,2025-07-27
SPY_5m,2.0,24,0.75,0.25,2.0,1,True,30,pdh_pdl,10,29,2.41,0.083,37.9,20,3.95,0.198,40.0,9,-1.54,-0.171,33.3,2025-07-27
SPY_5m,2.0,24,0.75,0.25,2.0,1,True,30,pdh_pdl,"10,14",37,5.14,0.139,40.5,24,6.97,0.29,45.8,13,-1.83,-0.14,30.8,2025-07-27
SPY_5m,2.0,24,0.75,0.25,2.0,1,True,30,rr,10,80,-6.24,-0.078,35.0,49,-2.62,-0.054,32.7,31,-3.61,-0.116,38.7,2025-07-27
SPY_5m,2.0,24,0.75,0.25,2.0,1,True,30,rr,"10,14",111,1.66,0.015,40.5,65,1.24,0.019,40.0,46,0.42,0.009,41.3,2025-07-27
SPY_5m,2.0,24,0.75,0.25,2.0,1,True,60,pdh_pdl,10,21,7.43,0.354,47.6,15,7.52,0.501,46.7,6,-0.09,-0.015,50.0,2025-07-27
SPY_5m,2.0,24,0.75,0.25,2.0,1,True,60,pdh_pdl,"10,14",25,8.16,0.326,48.0,16,7.84,0.49,50.0,9,0.33,0.036,44.4,2025-07-27
SPY_5m,2.0,24,0.75,0.25,2.0,1,True,60,rr,10,59,-0.4,-0.007,39.0,34,-0.33,-0.01,35.3,25,-0.07,-0.003,44.0,2025-07-27
SPY_5m,2.0,24,0.75,0.25,2.0,1,True,60,rr,"10,14",72,-2.66,-0.037,38.9,41,-0.85,-0.021,39.0,31,-1.82,-0.059,38.7,2025-07-27
SPY_5m,2.0,24,0.75,0.25,2.0,1,False,15,pdh_pdl,10,72,24.03,0.334,41.7,43,5.56,0.129,34.9,29,18.47,0.637,51.7,2025-07-27
SPY_5m,2.0,24,0.75,0.25,2.0,1,False,15,pdh_pdl,"10,14",86,27.18,0.316,45.3,51,10.88,0.213,43.1,35,16.3,0.466,48.6,2025-07-27
SPY_5m,2.0,24,0.75,0.25,2.0,1,False,15,rr,10,153,13.69,0.089,39.2,87,3.12,0.036,35.6,66,10.57,0.16,43.9,2025-07-27
SPY_5m,2.0,24,0.75,0.25,2.0,1,False,15,rr,"10,14",202,9.79,0.048,41.1,109,1.04,0.01,38.5,93,8.75,0.094,44.1,2025-07-27
SPY_5m,2.0,24,0.75,0.25,2.0,1,False,30,pdh_pdl,10,67,16.49,0.246,38.8,41,6.75,0.165,36.6,26,9.74,0.375,42.3,2025-07-27
SPY_5m,2.0,24,0.75,0.25,2.0,1,False,30,pdh_pdl,"10,14",78,15.68,0.201,41.0,46,8.1,0.176,41.3,32,7.58,0.237,40.6,2025-07-27
SPY_5m,2.0,24,0.75,0.25,2.0,1,False,30,rr,10,131,1.91,0.015,36.6,74,0.5,0.007,33.8,57,1.41,0.025,40.4,2025-07-27
SPY_5m,2.0,24,0.75,0.25,2.0,1,False,30,rr,"10,14",178,9.39,0.053,42.1,95,3.17,0.033,40.0,83,6.21,0.075,44.6,2025-07-27
SPY_5m,2.0,24,0.75,0.25,2.0,1,False,60,pdh_pdl,10,54,1.71,0.032,35.2,34,-0.44,-0.013,35.3,20,2.15,0.107,35.0,2025-07-27
SPY_5m,2.0,24,0.75,0.25,2.0,1,False,60,pdh_pdl,"10,14",61,1.76,0.029,37.7,37,-0.83,-0.022,37.8,24,2.59,0.108,37.5,2025-07-27
SPY_5m,2.0,24,0.75,0.25,2.0,1,False,60,rr,10,104,-10.37,-0.1,35.6,60,-6.95,-0.116,33.3,44,-3.42,-0.078,38.6,2025-07-27
SPY_5m,2.0,24,0.75,0.25,2.0,1,False,60,rr,"10,14",127,-16.4,-0.129,36.2,72,-9.21,-0.128,36.1,55,-7.19,-0.131,36.4,2025-07-27
SPY_5m,2.0,24,0.75,0.25,2.0,2,True,15,pdh_pdl,10,24,9.32,0.388,58.3,17,2.47,0.146,58.8,7,6.85,0.978,57.1,2025-07-27
SPY_5m,2.0,24,0.75,0.25,2.0,2,True,15,pdh_pdl,"10,14",29,9.21,0.318,55.2,20,3.09,0.154,60.0,9,6.12,0.68,44.4,2025-07-27
SPY_5m,2.0,24,0.75,0.25,2.0,2,True,15,rr,10,91,8.63,0.095,49.5,55,4.15,0.076,49.1,36,4.48,0.124,50.0,2025-07-27
SPY_5m,2.0,24,0.75,0.25,2.0,2,True,15,rr,"10,14",119,9.97,0.084,48.7,69,2.51,0.036,47.8,50,7.46,0.149,50.0,2025-07-27
SPY_5m,2.0,24,0.75,0.25,2.0,2,True,30,pdh_pdl,10,16,2.88,0.18,56.2,13,2.56,0.197,61.5,3,0.33,0.109,33.3,2025-07-27
SPY_5m,2.0,24,0.75,0.25,2.0,2,True,30,pdh_pdl,"10,14",20,2.47,0.123,50.0,15,2.87,0.191,60.0,5,-0.4,-0.08,20.0,2025-07-27
SPY_5m,2.0,24,0.75,0.25,2.0,2,True,30,rr,10,68,-3.29,-0.048,44.1,43,-0.05,-0.001,46.5,25,-3.25,-0.13,40.0,2025-07-27
SPY_5m,2.0,24,0.75,0.25,2.0,2,True,30,rr,"10,14",91,-1.01,-0.011,45.1,54,-0.51,-0.01,46.3,37,-0.49,-0.013,43.2,2025-07-27
SPY_5m,2.0,24,0.75,0.25,2.0,2,True,60,pdh_pdl,10,11,-2.5,-0.228,45.5,9,-1.06,-0.117,55.6,2,-1.45,-0.724,0.0,2025-07-27
SPY_5m,2.0,24,0.75,0.25,2.0,2,True,60,pdh_pdl,"10,14",13,-2.21,-0.17,46.2,10,-0.74,-0.074,60.0,3,-1.47,-0.491,0.0,2025-07-27
SPY_5m,2.0,24,0.75,0.25,2.0,2,True,60,rr,10,52,-6.93,-0.133,46.2,30,-2.58,-0.086,50.0,22,-4.35,-0.198,40.9,2025-07-27
SPY_5m,2.0,24,0.75,0.25,2.0,2,True,60,rr,"10,14",61,-9.58,-0.157,44.3,34,-3.06,-0.09,50.0,27,-6.52,-0.241,37.0,2025-07-27
SPY_5m,2.0,24,0.75,0.25,2.0,2,False,15,pdh_pdl,10,46,8.46,0.184,43.5,30,-2.51,-0.084,43.3,16,10.97,0.686,43.8,2025-07-27
SPY_5m,2.0,24,0.75,0.25,2.0,2,False,15,pdh_pdl,"10,14",55,9.02,0.164,45.5,36,-0.99,-0.027,50.0,19,10.0,0.526,36.8,2025-07-27
SPY_5m,2.0,24,0.75,0.25,2.0,2,False,15,rr,10,137,4.87,0.036,43.1,78,2.2,0.028,43.6,59,2.68,0.045,42.4,2025-07-27
SPY_5m,2.0,24,0.75,0.25,2.0,2,False,15,rr,"10,14",179,2.97,0.017,43.6,99,0.97,0.01,45.5,80,2.0,0.025,41.2,2025-07-27
SPY_5m,2.0,24,0.75,0.25,2.0,2,False,30,pdh_pdl,10,44,4.45,0.101,40.9,29,-2.73,-0.094,44.8,15,7.18,0.478,33.3,2025-07-27
SPY_5m,2.0,24,0.75,0.25,2.0,2,False,30,pdh_pdl,"10,14",51,4.25,0.083,41.2,33,-1.96,-0.059,48.5,18,6.21,0.345,27.8,2025-07-27
SPY_5m,2.0,24,0.75,0.25,2.0,2,False,30,rr,10,116,-3.16,-0.027,42.2,66,-3.85,-0.058,42.4,50,0.69,0.014,42.0,2025-07-27
SPY_5m,2.0,24,0.75,0.25,2.0,2,False,30,rr,"10,14",153,2.3,0.015,44.4,83,-4.72,-0.057,44.6,70,7.01,0.1,44.3,2025-07-27
SPY_5m,2.0,24,0.75,0.25,2.0,2,False,60,pdh_pdl,10,31,-1.83,-0.059,38.7,22,-5.63,-0.256,40.9,9,3.8,0.422,33.3,2025-07-27
SPY_5m,2.0,24,0.75,0.25,2.0,2,False,60,pdh_pdl,"10,14",35,-1.48,-0.042,40.0,24,-5.01,-0.209,45.8,11,3.54,0.321,27.3,2025-07-27
SPY_5m,2.0,24,0.75,0.25,2.0,2,False,60,rr,10,87,-9.72,-0.112,44.8,52,-10.05,-0.193,44.2,35,0.33,0.009,45.7,2025-07-27
SPY_5m,2.0,24,0.75,0.25,2.0,2,False,60,rr,"10,14",103,-13.34,-0.13,43.7,61,-11.2,-0.184,45.9,42,-2.14,-0.051,40.5,2025-07-27
SPY_5m,2.0,24,0.75,0.25,2.0,3,True,15,pdh_pdl,10,6,0.95,0.159,66.7,5,-1.1,-0.221,60.0,1,2.06,2.056,100.0,2025-07-27
SPY_5m,2.0,24,0.75,0.25,2.0,3,True,15,pdh_pdl,"10,14",9,0.22,0.024,44.4,6,-1.11,-0.185,50.0,3,1.33,0.443,33.3,2025-07-27
SPY_5m,2.0,24,0.75,0.25,2.0,3,True,15,rr,10,43,6.7,0.156,65.1,27,-2.29,-0.085,55.6,16,8.98,0.561,81.2,2025-07-27
SPY_5m,2.0,24,0.75,0.25,2.0,3,True,15,rr,"10,14",61,4.82,0.079,57.4,34,-2.84,-0.083,52.9,27,7.66,0.284,63.0,2025-07-27
SPY_5m,2.0,24,0.75,0.25,2.0,3,True,30,pdh_pdl,10,3,-0.65,-0.216,66.7,3,-0.65,-0.216,66.7,0,0.0,0.0,0.0,2025-07-27
SPY_5m,2.0,24,0.75,0.25,2.0,3,True,30,pdh_pdl,"10,14",6,-1.38,-0.231,33.3,4,-0.66,-0.164,50.0,2,-0.73,-0.364,0.0,2025-07-27
SPY_5m,2.0,24,0.75,0.25,2.0,3,True,30,rr,10,28,-0.67,-0.024,60.7,20,-1.49,-0.075,55.0,8,0.83,0.103,75.0,2025-07-27
SPY_5m,2.0,24,0.75,0.25,2.0,3,True,30,rr,"10,14",42,-1.53,-0.036,52.4,25,-1.42,-0.057,52.0,17,-0.11,-0.006,52.9,2025-07-27
SPY_5m,2.0,24,0.75,0.25,2.0,3,True,60,pdh_pdl,10,4,-0.83,-0.208,50.0,4,-0.83,-0.208,50.0,0,0.0,0.0,0.0,2025-07-27
SPY_5m,2.0,24,0.75,0.25,2.0,3,True,60,pdh_pdl,"10,14",5,-0.86,-0.171,40.0,4,-0.83,-0.208,50.0,1,-0.03,-0.025,0.0,2025-07-27
SPY_5m,2.0,24,0.75,0.25,2.0,3,True,60,rr,10,21,-1.11,-0.053,52.4,14,-1.58,-0.113,42.9,7,0.47,0.067,71.4,2025-07-27
SPY_5m,2.0,24,0.75,0.25,2.0,3,True,60,rr,"10,14",25,-2.39,-0.095,48.0,16,-1.8,-0.112,43.8,9,-0.59,-0.066,55.6,2025-07-27
SPY_5m,2.0,24,0.75,0.25,2.0,3,False,15,pdh_pdl,10,11,0.25,0.022,45.5,9,-1.4,-0.156,44.4,2,1.65,0.825,50.0,2025-07-27
SPY_5m,2.0,24,0.75,0.25,2.0,3,False,15,pdh_pdl,"10,14",17,-1.08,-0.063,29.4,13,-2.0,-0.154,30.8,4,0.92,0.231,25.0,2025-07-27
SPY_5m,2.0,24,0.75,0.25,2.0,3,False,15,rr,10,65,4.7,0.072,58.5,36,-5.28,-0.147,47.2,29,9.97,0.344,72.4,2025-07-27
SPY_5m,2.0,24,0.75,0.25,2.0,3,False,15,rr,"10,14",92,1.84,0.02,53.3,49,-6.66,-0.136,44.9,43,8.5,0.198,62.8,2025-07-27
SPY_5m,2.0,24,0.75,0.25,2.0,3,False,30,pdh_pdl,10,10,1.25,0.125,50.0,8,-0.4,-0.05,50.0,2,1.65,0.825,50.0,2025-07-27
SPY_5m,2.0,24,0.75,0.25,2.0,3,False,30,pdh_pdl,"10,14",15,0.02,0.001,33.3,11,-0.91,-0.082,36.4,4,0.92,0.231,25.0,2025-07-27
SPY_5m,2.0,24,0.75,0.25,2.0,3,False,30,rr,10,50,1.79,0.036,60.0,29,-3.6,-0.124,48.3,21,5.38,0.256,76.2,2025-07-27
SPY_5m,2.0,24,0.75,0.25,2.0,3,False,30,rr,"10,14",73,1.7,0.023,56.2,38,-3.27,-0.086,47.4,35,4.97,0.142,65.7,2025-07-27
SPY_5m,2.0,24,0.75,0.25,2.0,3,False,60,pdh_pdl,10,6,-2.25,-0.374,33.3,5,-1.84,-0.368,40.0,1,-0.41,-0.406,0.0,2025-07-27
SPY_5m,2.0,24,0.75,0.25,2.0,3,False,60,pdh_pdl,"10,14",8,-2.31,-0.289,25.0,6,-1.88,-0.314,33.3,2,-0.43,-0.216,0.0,2025-07-27
SPY_5m,2.0,24,0.75,0.25,2.0,3,False,60,rr,10,32,-3.37,-0.105,53.1,19,-5.09,-0.268,36.8,13,1.72,0.132,76.9,2025-07-27
SPY_5m,2.0,24,0.75,0.25,2.0,3,False,60,rr,"10,14",40,-4.37,-0.109,50.0,24,-4.59,-0.191,41.7,16,0.22,0.014,62.5,2025-07-27
SPY_5m,2.0,24,0.75,0.25,3.0,1,True,15,pdh_pdl,10,23,8.32,0.362,43.5,13,0.55,0.043,38.5,10,7.76,0.776,50.0,2025-07-27
SPY_5m,2.0,24,0.75,0.25,3.0,1,True,15,pdh_pdl,"10,14",25,8.56,0.342,44.0,15,0.8,0.053,40.0,10,7.76,0.776,50.0,2025-07-27
SPY_5m,2.0,24,0.75,0.25,3.0,1,True,15,rr,10,58,-1.4,-0.024,36.2,31,-4.98,-0.161,32.3,27,3.58,0.133,40.7,2025-07-27
SPY_5m,2.0,24,0.75,0.25,3.0,1,True,15,rr,"10,14",74,4.09,0.055,41.9,40,-3.42,-0.085,37.5,34,7.51,0.221,47.1,2025-07-27
SPY_5m,2.0,24,0.75,0.25,3.0,1,True,30,pdh_pdl,10,19,1.79,0.094,36.8,12,2.65,0.221,41.7,7,-0.86,-0.123,28.6,2025-07-27
SPY_5m,2.0,24,0.75,0.25,3.0,1,True,30,pdh_pdl,"10,14",21,-0.25,-0.012,33.3,13,1.63,0.125,38.5,8,-1.88,-0.235,25.0,2025-07-27
SPY_5m,2.0,24,0.75,0.25,3.0,1,True,30,rr,10,46,-6.01,-0.131,30.4,26,-1.92,-0.074,30.8,20,-4.09,-0.204,30.0,2025-07-27
SPY_5m,2.0,24,0.75,0.25,3.0,1,True,30,rr,"10,14",62,-4.54,-0.073,35.5,34,-1.63,-0.048,35.3,28,-2.91,-0.104,35.7,2025-07-27
SPY_5m,2.0,24,0.75,0.25,3.0,1,True,60,pdh_pdl,10,11,4.34,0.394,45.5,7,3.75,0.536,42.9,4,0.59,0.146,50.0,2025-07-27
SPY_5m,2.0,24,0.75,0.25,3.0,1,True,60,pdh_pdl,"10,14",12,3.32,0.277,41.7,7,3.75,0.536,42.9,5,-0.43,-0.085,40.0,2025-07-27
SPY_5m,2.0,24,0.75,0.25,3.0,1,True,60,rr,10,32,-4.54,-0.142,31.2,18,-3.69,-0.205,27.8,14,-0.85,-0.061,35.7,2025-07-27
SPY_5m,2.0,24,0.75,0.25,3.0,1,True,60,rr,"10,14",37,-5.82,-0.157,32.4,21,-3.35,-0.16,33.3,16,-2.46,-0.154,31.2,2025-07-27
SPY_5m,2.0,24,0.75,0.25,3.0,1,False,15,pdh_pdl,10,37,8.0,0.216,37.8,22,0.76,0.035,31.8,15,7.24,0.482,46.7,2025-07-27
SPY_5m,2.0,24,0.75,0.25,3.0,1,False,15,pdh_pdl,"10,14",44,8.44,0.192,40.9,26,2.95,0.113,38.5,18,5.49,0.305,44.4,2025-07-27
SPY_5m,2.0,24,0.75,0.25,3.0,1,False,15,rr,10,78,-4.59,-0.059,34.6,42,-5.45,-0.13,33.3,36,0.86,0.024,36.1,2025-07-27
SPY_5m,2.0,24,0.75,0.25,3.0,1,False,15,rr,"10,14",109,-4.18,-0.038,39.4,56,-8.56,-0.153,35.7,53,4.37,0.082,43.4,2025-07-27
SPY_5m,2.0,24,0.75,0.25,3.0,1,False,30,pdh_pdl,10,34,-0.03,-0.001,32.4,22,-1.86,-0.085,31.8,12,1.83,0.152,33.3,2025-07-27
SPY_5m,2.0,24,0.75,0.25,3.0,1,False,30,pdh_pdl,"10,14",38,-0.52,-0.014,34.2,24,-1.61,-0.067,33.3,14,1.1,0.078,35.7,2025-07-27
SPY_5m,2.0,24,0.75,0.25,3.0,1,False,30,rr,10,66,-8.03,-0.122,30.3,37,-3.42,-0.092,29.7,29,-4.62,-0.159,31.0,2025-07-27
SPY_5m,2.0,24,0.75,0.25,3.0,1,False,30,rr,"10,14",95,-0.33,-0.003,40.0,50,-0.25,-0.005,38.0,45,-0.09,-0.002,42.2,2025-07-27
SPY_5m,2.0,24,0.75,0.25,3.0,1,False,60,pdh_pdl,10,29,-3.43,-0.118,31.0,19,-0.04,-0.002,31.6,10,-3.39,-0.339,30.0,2025-07-27
SPY_5m,2.0,24,0.75,0.25,3.0,1,False,60,pdh_pdl,"10,14",32,-5.43,-0.17,31.2,20,-1.05,-0.053,30.0,12,-4.38,-0.365,33.3,2025-07-27
SPY_5m,2.0,24,0.75,0.25,3.0,1,False,60,rr,10,56,-7.62,-0.136,32.1,32,-2.99,-0.094,31.2,24,-4.63,-0.193,33.3,2025-07-27
SPY_5m,2.0,24,0.75,0.25,3.0,1,False,60,rr,"10,14",68,-10.93,-0.161,33.8,38,-3.68,-0.097,34.2,30,-7.25,-0.242,33.3,2025-07-27
SPY_5m,2.0,24,0.75,0.25,3.0,2,True,15,pdh_pdl,10,14,9.74,0.696,64.3,9,1.45,0.161,55.6,5,8.29,1.658,80.0,2025-07-27
SPY_5m,2.0,24,0.75,0.25,3.0,2,True,15,pdh_pdl,"10,14",15,10.04,0.67,66.7,10,1.75,0.175,60.0,5,8.29,1.658,80.0,2025-07-27
SPY_5m,2.0,24,0.75,0.25,3.0,2,True,15,rr,10,48,1.58,0.033,45.8,26,-2.13,-0.082,42.3,22,3.7,0.168,50.0,2025-07-27
SPY_5m,2.0,24,0.75,0.25,3.0,2,True,15,rr,"10,14",59,4.19,0.071,49.2,32,-2.68,-0.084,43.8,27,6.87,0.254,55.6,2025-07-27
SPY_5m,2.0,24,0.75,0.25,3.0,2,True,30,pdh_pdl,10,10,2.78,0.278,60.0,8,2.02,0.252,62.5,2,0.76,0.378,50.0,2025-07-27
SPY_5m,2.0,24,0.75,0.25,3.0,2,True,30,pdh_pdl,"10,14",10,2.78,0.278,60.0,8,2.02,0.252,62.5,2,0.76,0.378,50.0,2025-07-27
SPY_5m,2.0,24,0.75,0.25,3.0,2,True,30,rr,10,38,-3.81,-0.1,39.5,23,-0.46,-0.02,43.5,15,-3.35,-0.223,33.3,2025-07-27
SPY_5m,2.0,24,0.75,0.25,3.0,2,True,30,rr,"10,14",48,-3.32,-0.069,41.7,28,-1.32,-0.047,42.9,20,-2.01,-0.1,40.0,2025-07-27
SPY_5m,2.0,24,0.75,0.25,3.0,2,True,60,pdh_pdl,10,6,-3.18,-0.53,33.3,5,-2.16,-0.432,40.0,1,-1.02,-1.02,0.0,2025-07-27
SPY_5m,2.0,24,0.75,0.25,3.0,2,True,60,pdh_pdl,"10,14",6,-3.18,-0.53,33.3,5,-2.16,-0.432,40.0,1,-1.02,-1.02,0.0,2025-07-27
SPY_5m,2.0,24,0.75,0.25,3.0,2,True,60,rr,10,29,-10.72,-0.37,31.0,17,-5.98,-0.352,29.4,12,-4.74,-0.395,33.3,2025-07-27
SPY_5m,2.0,24,0.75,0.25,3.0,2,True,60,rr,"10,14",32,-11.63,-0.363,31.2,19,-6.19,-0.326,31.6,13,-5.43,-0.418,30.8,2025-07-27
SPY_5m,2.0,24,0.75,0.25,3.0,2,False,15,pdh_pdl,10,23,3.86,0.168,47.8,15,-2.83,-0.188,40.0,8,6.69,0.836,62.5,2025-07-27
SPY_5m,2.0,24,0.75,0.25,3.0,2,False,15,pdh_pdl,"10,14",27,4.68,0.173,51.9,18,-1.76,-0.098,50.0,9,6.45,0.716,55.6,2025-07-27
SPY_5m,2.0,24,0.75,0.25,3.0,2,False,15,rr,10,66,-2.19,-0.033,40.9,35,-0.02,-0.001,40.0,31,-2.17,-0.07,41.9,2025-07-27
SPY_5m,2.0,24,0.75,0.25,3.0,2,False,15,rr,"10,14",91,1.95,0.021,45.1,48,-0.8,-0.017,43.8,43,2.75,0.064,46.5,2025-07-27
SPY_5m,2.0,24,0.75,0.25,3.0,2,False,30,pdh_pdl,10,21,0.62,0.03,42.9,15,-3.28,-0.219,40.0,6,3.9,0.651,50.0,2025-07-27
SPY_5m,2.0,24,0.75,0.25,3.0,2,False,30,pdh_pdl,"10,14",23,0.68,0.03,43.5,16,-2.98,-0.186,43.8,7,3.66,0.524,42.9,2025-07-27
SPY_5m,2.0,24,0.75,0.25,3.0,2,False,30,rr,10,55,-3.73,-0.068,41.8,31,-2.26,-0.073,38.7,24,-1.47,-0.061,45.8,2025-07-27
SPY_5m,2.0,24,0.75,0.25,3.0,2,False,30,rr,"10,14",78,0.88,0.011,46.2,42,-2.57,-0.061,42.9,36,3.45,0.096,50.0,2025-07-27
SPY_5m,2.0,24,0.75,0.25,3.0,2,False,60,pdh_pdl,10,16,-7.11,-0.445,31.2,13,-5.51,-0.424,30.8,3,-1.6,-0.534,33.3,2025-07-27
SPY_5m,2.0,24,0.75,0.25,3.0,2,False,60,pdh_pdl,"10,14",17,-7.35,-0.433,29.4,13,-5.51,-0.424,30.8,4,-1.84,-0.46,25.0,2025-07-27
SPY_5m,2.0,24,0.75,0.25,3.0,2,False,60,rr,10,47,-11.01,-0.234,40.4,28,-7.77,-0.278,35.7,19,-3.23,-0.17,47.4,2025-07-27
SPY_5m,2.0,24,0.75,0.25,3.0,2,False,60,rr,"10,14",55,-12.17,-0.221,40.0,33,-7.94,-0.241,39.4,22,-4.24,-0.193,40.9,2025-07-27
SPY_5m,2.0,24,0.75,0.25,3.0,3,True,15,pdh_pdl,10,2,1.05,0.524,50.0,1,-1.01,-1.008,0.0,1,2.06,2.056,100.0,2025-07-27
SPY_5m,2.0,24,0.75,0.25,3.0,3,True,15,pdh_pdl,"10,14",2,1.05,0.524,50.0,1,-1.01,-1.008,0.0,1,2.06,2.056,100.0,2025-07-27
SPY_5m,2.0,24,0.75,0.25,3.0,3,True,15,rr,10,22,3.84,0.175,68.2,12,-3.36,-0.28,50.0,10,7.2,0.72,90.0,2025-07-27
SPY_5m,2.0,24,0.75,0.25,3.0,3,True,15,rr,"10,14",30,2.45,0.082,60.0,15,-3.87,-0.258,46.7,15,6.32,0.421,73.3,2025-07-27
SPY_5m,2.0,24,0.75,0.25,3.0,3,True,30,pdh_pdl,10,0,0.0,0.0,0.0,0,0.0,0.0,0.0,0,0.0,0.0,0.0,2025-07-27
SPY_5m,2.0,24,0.75,0.25,3.0,3,True,30,pdh_pdl,"10,14",0,0.0,0.0,0.0,0,0.0,0.0,0.0,0,0.0,0.0,0.0,2025-07-27
SPY_5m,2.0,24,0.75,0.25,3.0,3,True,30,rr,10,13,-0.3,-0.023,61.5,9,-1.24,-0.138,55.6,4,0.94,0.234,75.0,2025-07-27
SPY_5m,2.0,24,0.75,0.25,3.0,3,True,30,rr,"10,14",20,-2.01,-0.101,50.0,12,-1.75,-0.145,50.0,8,-0.27,-0.034,50.0,2025-07-27
SPY_5m,2.0,24,0.75,0.25,3.0,3,True,60,pdh_pdl,10,0,0.0,0.0,0.0,0,0.0,0.0,0.0,0,0.0,0.0,0.0,2025-07-27
SPY_5m,2.0,24,0.75,0.25,3.0,3,True,60,pdh_pdl,"10,14",0,0.0,0.0,0.0,0,0.0,0.0,0.0,0,0.0,0.0,0.0,2025-07-27
SPY_5m,2.0,24,0.75,0.25,3.0,3,True,60,rr,10,9,-1.33,-0.147,33.3,6,-1.91,-0.318,16.7,3,0.58,0.193,66.7,2025-07-27
SPY_5m,2.0,24,0.75,0.25,3.0,3,True,60,rr,"10,14",11,-1.54,-0.14,36.4,8,-2.12,-0.265,25.0,3,0.58,0.193,66.7,2025-07-27
SPY_5m,2.0,24,0.75,0.25,3.0,3,False,15,pdh_pdl,10,3,0.64,0.214,33.3,1,-1.01,-1.008,0.0,2,1.65,0.825,50.0,2025-07-27
SPY_5m,2.0,24,0.75,0.25,3.0,3,False,15,pdh_pdl,"10,14",5,0.1,0.02,20.0,3,-1.55,-0.517,0.0,2,1.65,0.825,50.0,2025-07-27
SPY_5m,2.0,24,0.75,0.25,3.0,3,False,15,rr,10,31,1.11,0.036,58.1,14,-4.48,-0.32,42.9,17,5.59,0.329,70.6,2025-07-27
SPY_5m,2.0,24,0.75,0.25,3.0,3,False,15,rr,"10,14",48,-0.88,-0.018,54.2,22,-5.77,-0.262,40.9,26,4.9,0.188,65.4,2025-07-27
SPY_5m,2.0,24,0.75,0.25,3.0,3,False,30,pdh_pdl,10,2,1.65,0.825,50.0,0,0.0,0.0,0.0,2,1.65,0.825,50.0,2025-07-27
SPY_5m,2.0,24,0.75,0.25,3.0,3,False,30,pdh_pdl,"10,14",3,1.19,0.398,33.3,1,-0.46,-0.456,0.0,2,1.65,0.825,50.0,2025-07-27
SPY_5m,2.0,24,0.75,0.25,3.0,3,False,30,rr,10,21,0.63,0.03,61.9,10,-2.25,-0.225,50.0,11,2.89,0.263,72.7,2025-07-27
SPY_5m,2.0,24,0.75,0.25,3.0,3,False,30,rr,"10,14",36,-0.25,-0.007,58.3,16,-2.45,-0.153,50.0,20,2.2,0.11,65.0,2025-07-27
SPY_5m,2.0,24,0.75,0.25,3.0,3,False,60,pdh_pdl,10,1,-0.41,-0.406,0.0,0,0.0,0.0,0.0,1,-0.41,-0.406,0.0,2025-07-27
SPY_5m,2.0,24,0.75,0.25,3.0,3,False,60,pdh_pdl,"10,14",1,-0.41,-0.406,0.0,0,0.0,0.0,0.0,1,-0.41,-0.406,0.0,2025-07-27
SPY_5m,2.0,24,0.75,0.25,3.0,3,False,60,rr,10,16,-0.67,-0.042,50.0,8,-2.38,-0.298,25.0,8,1.72,0.215,75.0,2025-07-27
SPY_5m,2.0,24,0.75,0.25,3.0,3,False,60,rr,"10,14",21,-0.56,-0.027,52.4,12,-1.84,-0.153,41.7,9,1.28,0.142,66.7,2025-07-27
QQQ_5m,2.0,24,0.75,0.25,1.0,1,True,15,pdh_pdl,10,57,8.93,0.157,29.8,34,13.94,0.41,38.2,23,-5.01,-0.218,17.4,2025-07-27
QQQ_5m,2.0,24,0.75,0.25,1.0,1,True,15,pdh_pdl,"10,14",76,14.17,0.186,34.2,46,16.78,0.365,39.1,30,-2.61,-0.087,26.7,2025-07-27
QQQ_5m,2.0,24,0.75,0.25,1.0,1,True,15,rr,10,171,-26.84,-0.157,32.2,103,-13.28,-0.129,33.0,68,-13.56,-0.199,30.9,2025-07-27
QQQ_5m,2.0,24,0.75,0.25,1.0,1,True,15,rr,"10,14",213,-17.89,-0.084,35.2,125,-7.62,-0.061,33.6,88,-10.27,-0.117,37.5,2025-07-27
QQQ_5m,2.0,24,0.75,0.25,1.0,1,True,30,pdh_pdl,10,53,-5.59,-0.105,20.8,30,-2.12,-0.071,23.3,23,-3.47,-0.151,17.4,2025-07-27
QQQ_5m,2.0,24,0.75,0.25,1.0,1,True,30,pdh_pdl,"10,14",72,0.63,0.009,29.2,41,0.33,0.008,29.3,31,0.29,0.009,29.0,2025-07-27
QQQ_5m,2.0,24,0.75,0.25,1.0,1,True,30,rr,10,147,-31.92,-0.217,29.3,82,-22.79,-0.278,28.0,65,-9.13,-0.14,30.8,2025-07-27
QQQ_5m,2.0,24,0.75,0.25,1.0,1,True,30,rr,"10,14",185,-25.64,-0.139,32.4,102,-20.18,-0.198,29.4,83,-5.46,-0.066,36.1,2025-07-27
QQQ_5m,2.0,24,0.75,0.25,1.0,1,True,60,pdh_pdl,10,44,-9.05,-0.206,29.5,29,-6.02,-0.208,34.5,15,-3.03,-0.202,20.0,2025-07-27
QQQ_5m,2.0,24,0.75,0.25,1.0,1,True,60,pdh_pdl,"10,14",50,-6.87,-0.137,34.0,32,-4.96,-0.155,37.5,18,-1.91,-0.106,27.8,2025-07-27
QQQ_5m,2.0,24,0.75,0.25,1.0,1,True,60,rr,10,116,-14.81,-0.128,37.1,68,-8.25,-0.121,38.2,48,-6.56,-0.137,35.4,2025-07-27
QQQ_5m,2.0,24,0.75,0.25,1.0,1,True,60,rr,"10,14",134,-16.99,-0.127,36.6,80,-11.39,-0.142,36.2,54,-5.6,-0.104,37.0,2025-07-27
QQQ_5m,2.0,24,0.75,0.25,1.0,1,False,15,pdh_pdl,10,117,12.56,0.107,35.0,70,6.82,0.097,35.7,47,5.74,0.122,34.0,2025-07-27
QQQ_5m,2.0,24,0.75,0.25,1.0,1,False,15,pdh_pdl,"10,14",141,19.75,0.14,36.2,84,2.28,0.027,34.5,57,17.47,0.307,38.6,2025-07-27
QQQ_5m,2.0,24,0.75,0.25,1.0,1,False,15,rr,10,256,-24.28,-0.095,34.8,151,-17.09,-0.113,33.8,105,-7.19,-0.068,36.2,2025-07-27
QQQ_5m,2.0,24,0.75,0.25,1.0,1,False,15,rr,"10,14",306,-25.42,-0.083,35.0,179,-18.28,-0.102,33.5,127,-7.13,-0.056,37.0,2025-07-27
QQQ_5m,2.0,24,0.75,0.25,1.0,1,False,30,pdh_pdl,10,116,-9.12,-0.079,33.6,68,-11.13,-0.164,33.8,48,2.01,0.042,33.3,2025-07-27
QQQ_5m,2.0,24,0.75,0.25,1.0,1,False,30,pdh_pdl,"10,14",138,-1.85,-0.013,36.2,81,-8.96,-0.111,35.8,57,7.11,0.125,36.8,2025-07-27
QQQ_5m,2.0,24,0.75,0.25,1.0,1,False,30,rr,10,221,-32.14,-0.145,34.4,127,-30.14,-0.237,32.3,94,-2.01,-0.021,37.2,2025-07-27
QQQ_5m,2.0,24,0.75,0.25,1.0,1,False,30,rr,"10,14",273,-17.17,-0.063,37.0,154,-22.69,-0.147,34.4,119,5.52,0.046,40.3,2025-07-27
QQQ_5m,2.0,24,0.75,0.25,1.0,1,False,60,pdh_pdl,10,102,-25.19,-0.247,33.3,63,-18.26,-0.29,34.9,39,-6.93,-0.178,30.8,2025-07-27
QQQ_5m,2.0,24,0.75,0.25,1.0,1,False,60,pdh_pdl,"10,14",110,-24.26,-0.221,34.5,68,-18.45,-0.271,35.3,42,-5.81,-0.138,33.3,2025-07-27
QQQ_5m,2.0,24,0.75,0.25,1.0,1,False,60,rr,10,182,-35.05,-0.193,36.3,105,-25.07,-0.239,35.2,77,-9.99,-0.13,37.7,2025-07-27
QQQ_5m,2.0,24,0.75,0.25,1.0,1,False,60,rr,"10,14",212,-37.34,-0.176,35.8,124,-25.73,-0.208,34.7,88,-11.61,-0.132,37.5,2025-07-27
QQQ_5m,2.0,24,0.75,0.25,1.0,2,True,15,pdh_pdl,10,40,5.46,0.137,40.0,26,2.07,0.079,42.3,14,3.4,0.243,35.7,2025-07-27
QQQ_5m,2.0,24,0.75,0.25,1.0,2,True,15,pdh_pdl,"10,14",52,9.4,0.181,46.2,35,5.07,0.145,48.6,17,4.34,0.255,41.2,2025-07-27
QQQ_5m,2.0,24,0.75,0.25,1.0,2,True,15,rr,10,155,-6.83,-0.044,41.9,95,-9.95,-0.105,40.0,60,3.13,0.052,45.0,2025-07-27
QQQ_5m,2.0,24,0.75,0.25,1.0,2,True,15,rr,"10,14",188,-3.58,-0.019,44.1,115,-12.1,-0.105,39.1,73,8.51,0.117,52.1,2025-07-27
QQQ_5m,2.0,24,0.75,0.25,1.0,2,True,30,pdh_pdl,10,35,0.33,0.009,34.3,22,-4.68,-0.213,31.8,13,5.01,0.385,38.5,2025-07-27
QQQ_5m,2.0,24,0.75,0.25,1.0,2,True,30,pdh_pdl,"10,14",47,4.69,0.1,42.6,30,-2.1,-0.07,40.0,17,6.79,0.399,47.1,2025-07-27
QQQ_5m,2.0,24,0.75,0.25,1.0,2,True,30,rr,10,128,-4.42,-0.035,43.0,75,-10.73,-0.143,38.7,53,6.31,0.119,49.1,2025-07-27
QQQ_5m,2.0,24,0.75,0.25,1.0,2,True,30,rr,"10,14",157,2.58,0.016,46.5,92,-8.79,-0.096,40.2,65,11.37,0.175,55.4,2025-07-27
QQQ_5m,2.0,24,0.75,0.25,1.0,2,True,60,pdh_pdl,10,31,0.19,0.006,38.7,23,-5.27,-0.229,39.1,8,5.46,0.682,37.5,2025-07-27
QQQ_5m,2.0,24,0.75,0.25,1.0,2,True,60,pdh_pdl,"10,14",33,1.83,0.055,42.4,24,-4.51,-0.188,41.7,9,6.34,0.704,44.4,2025-07-27
QQQ_5m,2.0,24,0.75,0.25,1.0,2,True,60,rr,10,96,-3.74,-0.039,43.8,59,-6.11,-0.104,42.4,37,2.37,0.064,45.9,2025-07-27
QQQ_5m,2.0,24,0.75,0.25,1.0,2,True,60,rr,"10,14",107,-4.05,-0.038,43.9,68,-7.36,-0.108,41.2,39,3.32,0.085,48.7,2025-07-27
QQQ_5m,2.0,24,0.75,0.25,1.0,2,False,15,pdh_pdl,10,83,10.39,0.125,45.8,51,1.5,0.029,45.1,32,8.89,0.278,46.9,2025-07-27
QQQ_5m,2.0,24,0.75,0.25,1.0,2,False,15,pdh_pdl,"10,14",100,10.75,0.107,46.0,62,1.03,0.017,45.2,38,9.72,0.256,47.4,2025-07-27
QQQ_5m,2.0,24,0.75,0.25,1.0,2,False,15,rr,10,230,2.37,0.01,43.5,137,-4.16,-0.03,42.3,93,6.53,0.07,45.2,2025-07-27
QQQ_5m,2.0,24,0.75,0.25,1.0,2,False,15,rr,"10,14",276,-2.75,-0.01,43.5,163,-8.59,-0.053,41.7,113,5.84,0.052,46.0,2025-07-27
QQQ_5m,2.0,24,0.75,0.25,1.0,2,False,30,pdh_pdl,10,74,6.86,0.093,45.9,45,-4.48,-0.1,42.2,29,11.34,0.391,51.7,2025-07-27
QQQ_5m,2.0,24,0.75,0.25,1.0,2,False,30,pdh_pdl,"10,14",91,10.78,0.119,47.3,56,-1.38,-0.025,44.6,35,12.16,0.348,51.4,2025-07-27
QQQ_5m,2.0,24,0.75,0.25,1.0,2,False,30,rr,10,190,-1.1,-0.006,43.7,113,-10.34,-0.091,39.8,77,9.24,0.12,49.4,2025-07-27
QQQ_5m,2.0,24,0.75,0.25,1.0,2,False,30,rr,"10,14",234,13.4,0.057,46.6,135,-4.12,-0.031,42.2,99,17.52,0.177,52.5,2025-07-27
QQQ_5m,2.0,24,0.75,0.25,1.0,2,False,60,pdh_pdl,10,65,-2.18,-0.034,43.1,46,-7.96,-0.173,41.3,19,5.78,0.304,47.4,2025-07-27
QQQ_5m,2.0,24,0.75,0.25,1.0,2,False,60,pdh_pdl,"10,14",70,-0.86,-0.012,44.3,50,-7.51,-0.15,42.0,20,6.66,0.333,50.0,2025-07-27
QQQ_5m,2.0,24,0.75,0.25,1.0,2,False,60,rr,10,148,-11.74,-0.079,42.6,92,-14.69,-0.16,39.1,56,2.95,0.053,48.2,2025-07-27
QQQ_5m,2.0,24,0.75,0.25,1.0,2,False,60,rr,"10,14",168,-8.61,-0.051,43.5,106,-11.63,-0.11,40.6,62,3.02,0.049,48.4,2025-07-27
QQQ_5m,2.0,24,0.75,0.25,1.0,3,True,15,pdh_pdl,10,7,7.43,1.061,71.4,5,7.08,1.416,80.0,2,0.35,0.173,50.0,2025-07-27
QQQ_5m,2.0,24,0.75,0.25,1.0,3,True,15,pdh_pdl,"10,14",13,7.62,0.586,61.5,9,7.21,0.802,66.7,4,0.41,0.101,50.0,2025-07-27
QQQ_5m,2.0,24,0.75,0.25,1.0,3,True,15,rr,10,70,-0.96,-0.014,50.0,45,-0.19,-0.004,48.9,25,-0.77,-0.031,52.0,2025-07-27
QQQ_5m,2.0,24,0.75,0.25,1.0,3,True,15,rr,"10,14",92,-3.93,-0.043,45.7,60,-3.12,-0.052,43.3,32,-0.81,-0.025,50.0,2025-07-27
QQQ_5m,2.0,24,0.75,0.25,1.0,3,True,30,pdh_pdl,10,5,3.03,0.606,60.0,4,1.67,0.418,50.0,1,1.36,1.358,100.0,2025-07-27
QQQ_5m,2.0,24,0.75,0.25,1.0,3,True,30,pdh_pdl,"10,14",12,3.98,0.332,58.3,9,2.56,0.285,55.6,3,1.42,0.473,66.7,2025-07-27
QQQ_5m,2.0,24,0.75,0.25,1.0,3,True,30,rr,10,56,1.98,0.035,51.8,34,-0.25,-0.007,47.1,22,2.23,0.102,59.1,2025-07-27
QQQ_5m,2.0,24,0.75,0.25,1.0,3,True,30,rr,"10,14",76,1.44,0.019,48.7,49,-0.55,-0.011,44.9,27,1.99,0.074,55.6,2025-07-27
QQQ_5m,2.0,24,0.75,0.25,1.0,3,True,60,pdh_pdl,10,3,0.85,0.283,66.7,2,-0.51,-0.254,50.0,1,1.36,1.358,100.0,2025-07-27
QQQ_5m,2.0,24,0.75,0.25,1.0,3,True,60,pdh_pdl,"10,14",4,1.61,0.402,75.0,3,0.25,0.083,66.7,1,1.36,1.358,100.0,2025-07-27
QQQ_5m,2.0,24,0.75,0.25,1.0,3,True,60,rr,10,32,5.93,0.185,62.5,20,3.41,0.171,60.0,12,2.52,0.21,66.7,2025-07-27
QQQ_5m,2.0,24,0.75,0.25,1.0,3,True,60,rr,"10,14",39,4.59,0.118,56.4,27,2.07,0.077,51.9,12,2.52,0.21,66.7,2025-07-27
QQQ_5m,2.0,24,0.75,0.25,1.0,3,False,15,pdh_pdl,10,21,9.65,0.46,57.1,14,4.79,0.342,50.0,7,4.86,0.695,71.4,2025-07-27
QQQ_5m,2.0,24,0.75,0.25,1.0,3,False,15,pdh_pdl,"10,14",31,13.41,0.433,58.1,20,5.21,0.26,50.0,11,8.21,0.746,72.7,2025-07-27
QQQ_5m,2.0,24,0.75,0.25,1.0,3,False,15,rr,10,113,-0.45,-0.004,47.8,70,-1.33,-0.019,44.3,43,0.89,0.021,53.5,2025-07-27
QQQ_5m,2.0,24,0.75,0.25,1.0,3,False,15,rr,"10,14",154,-1.55,-0.01,46.1,93,-7.06,-0.076,41.9,61,5.5,0.09,52.5,2025-07-27
QQQ_5m,2.0,24,0.75,0.25,1.0,3,False,30,pdh_pdl,10,16,7.95,0.497,56.2,10,2.08,0.208,40.0,6,5.87,0.979,83.3,2025-07-27
QQQ_5m,2.0,24,0.75,0.25,1.0,3,False,30,pdh_pdl,"10,14",25,8.71,0.349,56.0,16,2.49,0.156,43.8,9,6.22,0.692,77.8,2025-07-27
QQQ_5m,2.0,24,0.75,0.25,1.0,3,False,30,rr,10,88,0.31,0.004,46.6,52,-2.85,-0.055,40.4,36,3.17,0.088,55.6,2025-07-27
QQQ_5m,2.0,24,0.75,0.25,1.0,3,False,30,rr,"10,14",122,1.49,0.012,46.7,70,-3.41,-0.049,41.4,52,4.9,0.094,53.8,2025-07-27
QQQ_5m,2.0,24,0.75,0.25,1.0,3,False,60,pdh_pdl,10,11,1.84,0.167,45.5,8,-0.11,-0.013,37.5,3,1.95,0.65,66.7,2025-07-27
QQQ_5m,2.0,24,0.75,0.25,1.0,3,False,60,pdh_pdl,"10,14",13,2.36,0.182,46.2,10,0.41,0.041,40.0,3,1.95,0.65,66.7,2025-07-27
QQQ_5m,2.0,24,0.75,0.25,1.0,3,False,60,rr,10,50,4.12,0.082,50.0,32,1.13,0.035,43.8,18,2.99,0.166,61.1,2025-07-27
QQQ_5m,2.0,24,0.75,0.25,1.0,3,False,60,rr,"10,14",64,1.43,0.022,45.3,44,-0.1,-0.002,40.9,20,1.53,0.076,55.0,2025-07-27
QQQ_5m,2.0,24,0.75,0.25,2.0,1,True,15,pdh_pdl,10,34,-12.1,-0.356,20.6,22,-1.17,-0.053,31.8,12,-10.93,-0.911,0.0,2025-07-27
QQQ_5m,2.0,24,0.75,0.25,2.0,1,True,15,pdh_pdl,"10,14",52,-5.62,-0.108,32.7,32,1.62,0.051,37.5,20,-7.24,-0.362,25.0,2025-07-27
QQQ_5m,2.0,24,0.75,0.25,2.0,1,True,15,rr,10,117,-27.67,-0.237,29.9,72,-11.5,-0.16,31.9,45,-16.17,-0.359,26.7,2025-07-27
QQQ_5m,2.0,24,0.75,0.25,2.0,1,True,15,rr,"10,14",155,-21.58,-0.139,34.2,93,-10.91,-0.117,32.3,62,-10.67,-0.172,37.1,2025-07-27
QQQ_5m,2.0,24,0.75,0.25,2.0,1,True,30,pdh_pdl,10,33,-22.44,-0.68,9.1,19,-9.43,-0.496,15.8,14,-13.01,-0.929,0.0,2025-07-27
QQQ_5m,2.0,24,0.75,0.25,2.0,1,True,30,pdh_pdl,"10,14",50,-14.44,-0.289,26.0,27,-6.48,-0.24,25.9,23,-7.96,-0.346,26.1,2025-07-27
QQQ_5m,2.0,24,0.75,0.25,2.0,1,True,30,rr,10,100,-30.89,-0.309,28.0,57,-16.14,-0.283,29.8,43,-14.75,-0.343,25.6,2025-07-27
QQQ_5m,2.0,24,0.75,0.25,2.0,1,True,30,rr,"10,14",134,-23.95,-0.179,32.1,76,-15.06,-0.198,30.3,58,-8.88,-0.153,34.5,2025-07-27
QQQ_5m,2.0,24,0.75,0.25,2.0,1,True,60,pdh_pdl,10,29,-13.5,-0.466,24.1,19,-6.38,-0.336,31.6,10,-7.12,-0.712,10.0,2025-07-27
QQQ_5m,2.0,24,0.75,0.25,2.0,1,True,60,pdh_pdl,"10,14",35,-10.78,-0.308,31.4,21,-6.07,-0.289,33.3,14,-4.71,-0.336,28.6,2025-07-27
QQQ_5m,2.0,24,0.75,0.25,2.0,1,True,60,rr,10,82,-17.37,-0.212,35.4,48,-12.79,-0.266,37.5,34,-4.58,-0.135,32.4,2025-07-27
QQQ_5m,2.0,24,0.75,0.25,2.0,1,True,60,rr,"10,14",100,-19.01,-0.19,35.0,59,-16.68,-0.283,33.9,41,-2.33,-0.057,36.6,2025-07-27
QQQ_5m,2.0,24,0.75,0.25,2.0,1,False,15,pdh_pdl,10,63,-7.39,-0.117,31.7,40,-9.07,-0.227,32.5,23,1.67,0.073,30.4,2025-07-27
QQQ_5m,2.0,24,0.75,0.25,2.0,1,False,15,pdh_pdl,"10,14",85,-9.6,-0.113,32.9,53,-10.39,-0.196,34.0,32,0.79,0.025,31.2,2025-07-27
QQQ_5m,2.0,24,0.75,0.25,2.0,1,False,15,rr,10,161,-30.85,-0.192,31.7,95,-20.93,-0.22,30.5,66,-9.92,-0.15,33.3,2025-07-27
QQQ_5m,2.0,24,0.75,0.25,2.0,1,False,15,rr,"10,14",212,-36.56,-0.172,32.5,127,-25.29,-0.199,30.7,85,-11.28,-0.133,35.3,2025-07-27
QQQ_5m,2.0,24,0.75,0.25,2.0,1,False,30,pdh_pdl,10,65,-20.72,-0.319,29.2,39,-14.48,-0.371,30.8,26,-6.24,-0.24,26.9,2025-07-27
QQQ_5m,2.0,24,0.75,0.25,2.0,1,False,30,pdh_pdl,"10,14",85,-16.18,-0.19,34.1,49,-9.94,-0.203,36.7,36,-6.24,-0.173,30.6,2025-07-27
QQQ_5m,2.0,24,0.75,0.25,2.0,1,False,30,rr,10,140,-31.61,-0.226,32.9,81,-22.23,-0.274,32.1,59,-9.39,-0.159,33.9,2025-07-27
QQQ_5m,2.0,24,0.75,0.25,2.0,1,False,30,rr,"10,14",189,-23.18,-0.123,37.0,107,-16.66,-0.156,35.5,82,-6.52,-0.08,39.0,2025-07-27
QQQ_5m,2.0,24,0.75,0.25,2.0,1,False,60,pdh_pdl,10,57,-23.72,-0.416,29.8,34,-14.33,-0.422,32.4,23,-9.38,-0.408,26.1,2025-07-27
QQQ_5m,2.0,24,0.75,0.25,2.0,1,False,60,pdh_pdl,"10,14",63,-21.0,-0.333,33.3,36,-14.03,-0.39,33.3,27,-6.97,-0.258,33.3,2025-07-27
QQQ_5m,2.0,24,0.75,0.25,2.0,1,False,60,rr,10,116,-31.02,-0.267,34.5,65,-24.15,-0.372,33.8,51,-6.87,-0.135,35.3,2025-07-27
QQQ_5m,2.0,24,0.75,0.25,2.0,1,False,60,rr,"10,14",141,-29.07,-0.206,35.5,81,-24.32,-0.3,33.3,60,-4.75,-0.079,38.3,2025-07-27
QQQ_5m,2.0,24,0.75,0.25,2.0,2,True,15,pdh_pdl,10,26,-5.16,-0.198,30.8,18,-0.92,-0.051,38.9,8,-4.24,-0.53,12.5,2025-07-27
QQQ_5m,2.0,24,0.75,0.25,2.0,2,True,15,pdh_pdl,"10,14",36,-2.47,-0.069,38.9,25,0.83,0.033,44.0,11,-3.3,-0.3,27.3,2025-07-27
QQQ_5m,2.0,24,0.75,0.25,2.0,2,True,15,rr,10,104,-5.47,-0.053,43.3,65,-5.87,-0.09,41.5,39,0.4,0.01,46.2,2025-07-27
QQQ_5m,2.0,24,0.75,0.25,2.0,2,True,15,rr,"10,14",134,-5.44,-0.041,44.0,84,-9.86,-0.117,38.1,50,4.43,0.089,54.0,2025-07-27
QQQ_5m,2.0,24,0.75,0.25,2.0,2,True,30,pdh_pdl,10,23,-9.47,-0.412,21.7,15,-5.83,-0.388,26.7,8,-3.65,-0.456,12.5,2025-07-27
QQQ_5m,2.0,24,0.75,0.25,2.0,2,True,30,pdh_pdl,"10,14",32,-5.8,-0.181,34.4,20,-3.93,-0.196,35.0,12,-1.87,-0.156,33.3,2025-07-27
QQQ_5m,2.0,24,0.75,0.25,2.0,2,True,30,rr,10,86,-4.78,-0.056,44.2,51,-6.26,-0.123,41.2,35,1.48,0.042,48.6,2025-07-27
QQQ_5m,2.0,24,0.75,0.25,2.0,2,True,30,rr,"10,14",111,-0.85,-0.008,46.8,66,-6.03,-0.091,40.9,45,5.18,0.115,55.6,2025-07-27
QQQ_5m,2.0,24,0.75,0.25,2.0,2,True,60,pdh_pdl,10,24,-5.88,-0.245,33.3,17,-4.6,-0.27,35.3,7,-1.29,-0.184,28.6,2025-07-27
QQQ_5m,2.0,24,0.75,0.25,2.0,2,True,60,pdh_pdl,"10,14",25,-5.0,-0.2,36.0,17,-4.6,-0.27,35.3,8,-0.41,-0.051,37.5,2025-07-27
QQQ_5m,2.0,24,0.75,0.25,2.0,2,True,60,rr,10,70,-4.27,-0.061,45.7,41,-5.26,-0.128,43.9,29,0.99,0.034,48.3,2025-07-27
QQQ_5m,2.0,24,0.75,0.25,2.0,2,True,60,rr,"10,14",81,-5.16,-0.064,45.7,49,-7.27,-0.148,40.8,32,2.11,0.066,53.1,2025-07-27
QQQ_5m,2.0,24,0.75,0.25,2.0,2,False,15,pdh_pdl,10,46,-1.9,-0.041,37.0,31,-5.04,-0.163,35.5,15,3.14,0.209,40.0,2025-07-27
QQQ_5m,2.0,24,0.75,0.25,2.0,2,False,15,pdh_pdl,"10,14",62,-2.92,-0.047,38.7,41,-6.07,-0.148,36.6,21,3.15,0.15,42.9,2025-07-27
QQQ_5m,2.0,24,0.75,0.25,2.0,2,False,15,rr,10,143,-3.33,-0.023,41.3,85,-9.9,-0.116,37.6,58,6.57,0.113,46.6,2025-07-27
QQQ_5m,2.0,24,0.75,0.25,2.0,2,False,15,rr,"10,14",184,-8.98,-0.049,41.3,113,-16.3,-0.144,36.3,71,7.32,0.103,49.3,2025-07-27
QQQ_5m,2.0,24,0.75,0.25,2.0,2,False,30,pdh_pdl,10,44,-0.26,-0.006,38.6,28,-4.09,-0.146,35.7,16,3.83,0.239,43.8,2025-07-27
QQQ_5m,2.0,24,0.75,0.25,2.0,2,False,30,pdh_pdl,"10,14",58,2.17,0.037,41.4,36,-1.67,-0.046,38.9,22,3.84,0.175,45.5,2025-07-27
QQQ_5m,2.0,24,0.75,0.25,2.0,2,False,30,rr,10,119,0.24,0.002,44.5,71,-6.56,-0.092,39.4,48,6.8,0.142,52.1,2025-07-27
QQQ_5m,2.0,24,0.75,0.25,2.0,2,False,30,rr,"10,14",157,9.25,0.059,47.8,92,-2.37,-0.026,41.3,65,11.62,0.179,56.9,2025-07-27
QQQ_5m,2.0,24,0.75,0.25,2.0,2,False,60,pdh_pdl,10,43,-4.54,-0.106,37.2,29,-4.73,-0.163,34.5,14,0.2,0.014,42.9,2025-07-27
QQQ_5m,2.0,24,0.75,0.25,2.0,2,False,60,pdh_pdl,"10,14",45,-3.89,-0.087,37.8,30,-4.97,-0.166,33.3,15,1.08,0.072,46.7,2025-07-27
QQQ_5m,2.0,24,0.75,0.25,2.0,2,False,60,rr,10,98,-7.85,-0.08,43.9,58,-10.46,-0.18,37.9,40,2.61,0.065,52.5,2025-07-27
QQQ_5m,2.0,24,0.75,0.25,2.0,2,False,60,rr,"10,14",113,-3.48,-0.031,46.0,69,-8.09,-0.117,39.1,44,4.61,0.105,56.8,2025-07-27
QQQ_5m,2.0,24,0.75,0.25,2.0,3,True,15,pdh_pdl,10,3,0.51,0.171,33.3,2,1.53,0.763,50.0,1,-1.01,-1.012,0.0,2025-07-27
QQQ_5m,2.0,24,0.75,0.25,2.0,3,True,15,pdh_pdl,"10,14",8,0.94,0.118,50.0,5,1.9,0.379,60.0,3,-0.95,-0.317,33.3,2025-07-27
QQQ_5m,2.0,24,0.75,0.25,2.0,3,True,15,rr,10,41,-0.67,-0.016,53.7,26,-0.2,-0.008,53.8,15,-0.46,-0.031,53.3,2025-07-27
QQQ_5m,2.0,24,0.75,0.25,2.0,3,True,15,rr,"10,14",60,-3.1,-0.052,48.3,38,-2.6,-0.068,47.4,22,-0.5,-0.023,50.0,2025-07-27
QQQ_5m,2.0,24,0.75,0.25,2.0,3,True,30,pdh_pdl,10,2,-2.03,-1.013,0.0,2,-2.03,-1.013,0.0,0,0.0,0.0,0.0,2025-07-27
QQQ_5m,2.0,24,0.75,0.25,2.0,3,True,30,pdh_pdl,"10,14",7,-1.6,-0.228,42.9,5,-1.66,-0.331,40.0,2,0.06,0.03,50.0,2025-07-27
QQQ_5m,2.0,24,0.75,0.25,2.0,3,True,30,rr,10,32,2.91,0.091,56.2,19,1.37,0.072,52.6,13,1.54,0.118,61.5,2025-07-27
QQQ_5m,2.0,24,0.75,0.25,2.0,3,True,30,rr,"10,14",48,2.15,0.045,52.1,30,0.85,0.028,50.0,18,1.3,0.072,55.6,2025-07-27
QQQ_5m,2.0,24,0.75,0.25,2.0,3,True,60,pdh_pdl,10,1,-1.01,-1.012,0.0,1,-1.01,-1.012,0.0,0,0.0,0.0,0.0,2025-07-27
QQQ_5m,2.0,24,0.75,0.25,2.0,3,True,60,pdh_pdl,"10,14",1,-1.01,-1.012,0.0,1,-1.01,-1.012,0.0,0,0.0,0.0,0.0,2025-07-27
QQQ_5m,2.0,24,0.75,0.25,2.0,3,True,60,rr,10,20,4.45,0.222,60.0,11,2.43,0.221,54.5,9,2.02,0.224,66.7,2025-07-27
QQQ_5m,2.0,24,0.75,0.25,2.0,3,True,60,rr,"10,14",26,2.35,0.09,50.0,17,0.34,0.02,41.2,9,2.02,0.224,66.7,2025-07-27
QQQ_5m,2.0,24,0.75,0.25,2.0,3,False,15,pdh_pdl,10,10,2.13,0.213,50.0,6,-0.17,-0.029,50.0,4,2.3,0.574,50.0,2025-07-27
QQQ_5m,2.0,24,0.75,0.25,2.0,3,False,15,pdh_pdl,"10,14",16,2.08,0.13,50.0,10,-0.28,-0.028,50.0,6,2.36,0.393,50.0,2025-07-27
QQQ_5m,2.0,24,0.75,0.25,2.0,3,False,15,rr,10,62,-2.56,-0.041,50.0,36,-3.91,-0.108,47.2,26,1.35,0.052,53.8,2025-07-27
QQQ_5m,2.0,24,0.75,0.25,2.0,3,False,15,rr,"10,14",91,-6.66,-0.073,47.3,55,-9.35,-0.17,43.6,36,2.69,0.075,52.8,2025-07-27
QQQ_5m,2.0,24,0.75,0.25,2.0,3,False,30,pdh_pdl,10,7,2.75,0.392,57.1,4,-0.56,-0.141,50.0,3,3.31,1.103,66.7,2025-07-27
QQQ_5m,2.0,24,0.75,0.25,2.0,3,False,30,pdh_pdl,"10,14",13,2.7,0.208,53.8,8,-0.67,-0.084,50.0,5,3.37,0.674,60.0,2025-07-27
QQQ_5m,2.0,24,0.75,0.25,2.0,3,False,30,rr,10,47,2.72,0.058,53.2,26,-0.19,-0.007,50.0,21,2.91,0.139,57.1,2025-07-27
QQQ_5m,2.0,24,0.75,0.25,2.0,3,False,30,rr,"10,14",71,3.27,0.046,52.1,40,-0.98,-0.024,50.0,31,4.25,0.137,54.8,2025-07-27
QQQ_5m,2.0,24,0.75,0.25,2.0,3,False,60,pdh_pdl,10,5,1.04,0.208,60.0,3,0.45,0.15,66.7,2,0.59,0.296,50.0,2025-07-27
QQQ_5m,2.0,24,0.75,0.25,2.0,3,False,60,pdh_pdl,"10,14",5,1.04,0.208,60.0,3,0.45,0.15,66.7,2,0.59,0.296,50.0,2025-07-27
QQQ_5m,2.0,24,0.75,0.25,2.0,3,False,60,rr,10,27,5.1,0.189,59.3,14,2.6,0.186,57.1,13,2.5,0.192,61.5,2025-07-27
QQQ_5m,2.0,24,0.75,0.25,2.0,3,False,60,rr,"10,14",35,3.64,0.104,54.3,22,1.15,0.052,50.0,13,2.5,0.192,61.5,2025-07-27
QQQ_5m,2.0,24,0.75,0.25,3.0,1,True,15,pdh_pdl,10,17,-5.27,-0.31,29.4,13,-1.49,-0.115,38.5,4,-3.78,-0.945,0.0,2025-07-27
QQQ_5m,2.0,24,0.75,0.25,3.0,1,True,15,pdh_pdl,"10,14",24,-0.1,-0.004,41.7,18,0.47,0.026,44.4,6,-0.57,-0.096,33.3,2025-07-27
QQQ_5m,2.0,24,0.75,0.25,3.0,1,True,15,rr,10,71,-12.24,-0.172,33.8,44,-5.58,-0.127,34.1,27,-6.67,-0.247,33.3,2025-07-27
QQQ_5m,2.0,24,0.75,0.25,3.0,1,True,15,rr,"10,14",92,-7.73,-0.084,37.0,58,-5.37,-0.093,34.5,34,-2.36,-0.069,41.2,2025-07-27
QQQ_5m,2.0,24,0.75,0.25,3.0,1,True,30,pdh_pdl,10,17,-13.34,-0.785,11.8,12,-8.52,-0.71,16.7,5,-4.82,-0.965,0.0,2025-07-27
QQQ_5m,2.0,24,0.75,0.25,3.0,1,True,30,pdh_pdl,"10,14",24,-8.18,-0.341,29.2,17,-6.56,-0.386,29.4,7,-1.62,-0.231,28.6,2025-07-27
QQQ_5m,2.0,24,0.75,0.25,3.0,1,True,30,rr,10,59,-22.56,-0.382,28.8,33,-14.96,-0.453,27.3,26,-7.6,-0.292,30.8,2025-07-27
QQQ_5m,2.0,24,0.75,0.25,3.0,1,True,30,rr,"10,14",76,-17.43,-0.229,31.6,47,-13.72,-0.292,29.8,29,-3.71,-0.128,34.5,2025-07-27
QQQ_5m,2.0,24,0.75,0.25,3.0,1,True,60,pdh_pdl,10,16,-7.87,-0.492,25.0,13,-4.77,-0.367,30.8,3,-3.1,-1.033,0.0,2025-07-27
QQQ_5m,2.0,24,0.75,0.25,3.0,1,True,60,pdh_pdl,"10,14",18,-6.52,-0.362,33.3,14,-4.39,-0.314,35.7,4,-2.13,-0.532,25.0,2025-07-27
QQQ_5m,2.0,24,0.75,0.25,3.0,1,True,60,rr,10,50,-12.62,-0.252,36.0,30,-11.64,-0.388,33.3,20,-0.99,-0.049,40.0,2025-07-27
QQQ_5m,2.0,24,0.75,0.25,3.0,1,True,60,rr,"10,14",60,-13.45,-0.224,35.0,38,-13.4,-0.353,31.6,22,-0.05,-0.002,40.9,2025-07-27
QQQ_5m,2.0,24,0.75,0.25,3.0,1,False,15,pdh_pdl,10,28,-0.03,-0.001,39.3,19,-4.21,-0.221,36.8,9,4.18,0.464,44.4,2025-07-27
QQQ_5m,2.0,24,0.75,0.25,3.0,1,False,15,pdh_pdl,"10,14",39,5.37,0.138,43.6,28,-0.02,-0.001,42.9,11,5.39,0.49,45.5,2025-07-27
QQQ_5m,2.0,24,0.75,0.25,3.0,1,False,15,rr,10,88,-10.17,-0.116,36.4,51,-11.05,-0.217,31.4,37,0.87,0.024,43.2,2025-07-27
QQQ_5m,2.0,24,0.75,0.25,3.0,1,False,15,rr,"10,14",119,-6.87,-0.058,37.8,75,-9.69,-0.129,33.3,44,2.82,0.064,45.5,2025-07-27
QQQ_5m,2.0,24,0.75,0.25,3.0,1,False,30,pdh_pdl,10,28,-10.65,-0.38,32.1,19,-8.61,-0.453,31.6,9,-2.04,-0.226,33.3,2025-07-27
QQQ_5m,2.0,24,0.75,0.25,3.0,1,False,30,pdh_pdl,"10,14",37,-4.93,-0.133,40.5,26,-4.11,-0.158,42.3,11,-0.83,-0.075,36.4,2025-07-27
QQQ_5m,2.0,24,0.75,0.25,3.0,1,False,30,rr,10,73,-16.61,-0.227,35.6,42,-12.68,-0.302,33.3,31,-3.93,-0.127,38.7,2025-07-27
QQQ_5m,2.0,24,0.75,0.25,3.0,1,False,30,rr,"10,14",101,-6.08,-0.06,40.6,61,-7.13,-0.117,37.7,40,1.05,0.026,45.0,2025-07-27
QQQ_5m,2.0,24,0.75,0.25,3.0,1,False,60,pdh_pdl,10,27,-14.07,-0.521,25.9,19,-7.57,-0.399,31.6,8,-6.5,-0.812,12.5,2025-07-27
QQQ_5m,2.0,24,0.75,0.25,3.0,1,False,60,pdh_pdl,"10,14",30,-12.0,-0.4,33.3,21,-6.48,-0.308,38.1,9,-5.53,-0.614,22.2,2025-07-27
QQQ_5m,2.0,24,0.75,0.25,3.0,1,False,60,rr,10,63,-18.46,-0.293,34.9,36,-14.44,-0.401,33.3,27,-4.02,-0.149,37.0,2025-07-27
QQQ_5m,2.0,24,0.75,0.25,3.0,1,False,60,rr,"10,14",80,-13.95,-0.174,37.5,49,-10.74,-0.219,36.7,31,-3.21,-0.104,38.7,2025-07-27
QQQ_5m,2.0,24,0.75,0.25,3.0,2,True,15,pdh_pdl,10,15,-2.9,-0.193,40.0,13,-1.81,-0.139,46.2,2,-1.09,-0.546,0.0,2025-07-27
QQQ_5m,2.0,24,0.75,0.25,3.0,2,True,15,pdh_pdl,"10,14",19,-1.31,-0.069,42.1,17,-0.22,-0.013,47.1,2,-1.09,-0.546,0.0,2025-07-27
QQQ_5m,2.0,24,0.75,0.25,3.0,2,True,15,rr,10,63,0.12,0.002,47.6,40,-3.16,-0.079,45.0,23,3.29,0.143,52.2,2025-07-27
QQQ_5m,2.0,24,0.75,0.25,3.0,2,True,15,rr,"10,14",79,0.63,0.008,45.6,53,-5.13,-0.097,39.6,26,5.77,0.222,57.7,2025-07-27
QQQ_5m,2.0,24,0.75,0.25,3.0,2,True,30,pdh_pdl,10,14,-5.62,-0.402,28.6,12,-4.53,-0.378,33.3,2,-1.09,-0.546,0.0,2025-07-27
QQQ_5m,2.0,24,0.75,0.25,3.0,2,True,30,pdh_pdl,"10,14",18,-4.04,-0.224,33.3,16,-2.95,-0.184,37.5,2,-1.09,-0.546,0.0,2025-07-27
QQQ_5m,2.0,24,0.75,0.25,3.0,2,True,30,rr,10,49,-2.14,-0.044,49.0,29,-7.27,-0.251,41.4,20,5.14,0.257,60.0,2025-07-27
QQQ_5m,2.0,24,0.75,0.25,3.0,2,True,30,rr,"10,14",61,-0.75,-0.012,45.9,40,-7.2,-0.18,37.5,21,6.45,0.307,61.9,2025-07-27
QQQ_5m,2.0,24,0.75,0.25,3.0,2,True,60,pdh_pdl,10,14,-1.94,-0.139,42.9,12,-2.52,-0.21,41.7,2,0.58,0.288,50.0,2025-07-27
QQQ_5m,2.0,24,0.75,0.25,3.0,2,True,60,pdh_pdl,"10,14",14,-1.94,-0.139,42.9,12,-2.52,-0.21,41.7,2,0.58,0.288,50.0,2025-07-27
QQQ_5m,2.0,24,0.75,0.25,3.0,2,True,60,rr,10,41,-0.95,-0.023,51.2,25,-5.32,-0.213,44.0,16,4.37,0.273,62.5,2025-07-27
QQQ_5m,2.0,24,0.75,0.25,3.0,2,True,60,rr,"10,14",46,-2.8,-0.061,45.7,30,-7.18,-0.239,36.7,16,4.37,0.273,62.5,2025-07-27
QQQ_5m,2.0,24,0.75,0.25,3.0,2,False,15,pdh_pdl,10,21,-1.55,-0.074,42.9,18,-2.73,-0.152,44.4,3,1.18,0.393,33.3,2025-07-27
QQQ_5m,2.0,24,0.75,0.25,3.0,2,False,15,pdh_pdl,"10,14",27,0.96,0.036,44.4,24,-0.22,-0.009,45.8,3,1.18,0.393,33.3,2025-07-27
QQQ_5m,2.0,24,0.75,0.25,3.0,2,False,15,rr,10,79,6.84,0.087,46.8,47,-2.55,-0.054,42.6,32,9.39,0.294,53.1,2025-07-27
QQQ_5m,2.0,24,0.75,0.25,3.0,2,False,15,rr,"10,14",103,8.16,0.079,46.6,67,-3.76,-0.056,40.3,36,11.92,0.331,58.3,2025-07-27
QQQ_5m,2.0,24,0.75,0.25,3.0,2,False,30,pdh_pdl,10,21,-2.55,-0.121,42.9,17,-3.83,-0.225,41.2,4,1.28,0.32,50.0,2025-07-27
QQQ_5m,2.0,24,0.75,0.25,3.0,2,False,30,pdh_pdl,"10,14",26,-1.2,-0.046,42.3,22,-2.48,-0.113,40.9,4,1.28,0.32,50.0,2025-07-27
QQQ_5m,2.0,24,0.75,0.25,3.0,2,False,30,rr,10,61,4.47,0.073,52.5,37,-3.48,-0.094,45.9,24,7.95,0.331,62.5,2025-07-27
QQQ_5m,2.0,24,0.75,0.25,3.0,2,False,30,rr,"10,14",82,12.72,0.155,53.7,52,-0.63,-0.012,44.2,30,13.35,0.445,70.0,2025-07-27
QQQ_5m,2.0,24,0.75,0.25,3.0,2,False,60,pdh_pdl,10,22,-4.67,-0.212,40.9,18,-4.34,-0.241,38.9,4,-0.33,-0.082,50.0,2025-07-27
QQQ_5m,2.0,24,0.75,0.25,3.0,2,False,60,pdh_pdl,"10,14",23,-4.9,-0.213,39.1,19,-4.58,-0.241,36.8,4,-0.33,-0.082,50.0,2025-07-27
QQQ_5m,2.0,24,0.75,0.25,3.0,2,False,60,rr,10,51,-2.68,-0.053,51.0,31,-7.14,-0.23,41.9,20,4.46,0.223,65.0,2025-07-27
QQQ_5m,2.0,24,0.75,0.25,3.0,2,False,60,rr,"10,14",61,0.5,0.008,49.2,40,-4.85,-0.121,40.0,21,5.35,0.255,66.7,2025-07-27
QQQ_5m,2.0,24,0.75,0.25,3.0,3,True,15,pdh_pdl,10,1,-1.01,-1.012,0.0,1,-1.01,-1.012,0.0,0,0.0,0.0,0.0,2025-07-27
QQQ_5m,2.0,24,0.75,0.25,3.0,3,True,15,pdh_pdl,"10,14",3,-0.96,-0.319,33.3,3,-0.96,-0.319,33.3,0,0.0,0.0,0.0,2025-07-27
QQQ_5m,2.0,24,0.75,0.25,3.0,3,True,15,rr,10,23,-0.34,-0.015,56.5,14,-0.48,-0.034,57.1,9,0.14,0.016,55.6,2025-07-27
QQQ_5m,2.0,24,0.75,0.25,3.0,3,True,15,rr,"10,14",35,-2.35,-0.067,48.6,23,-2.0,-0.087,47.8,12,-0.35,-0.029,50.0,2025-07-27
QQQ_5m,2.0,24,0.75,0.25,3.0,3,True,30,pdh_pdl,10,2,-2.03,-1.013,0.0,2,-2.03,-1.013,0.0,0,0.0,0.0,0.0,2025-07-27
QQQ_5m,2.0,24,0.75,0.25,3.0,3,True,30,pdh_pdl,"10,14",4,-1.97,-0.493,25.0,4,-1.97,-0.493,25.0,0,0.0,0.0,0.0,2025-07-27
QQQ_5m,2.0,24,0.75,0.25,3.0,3,True,30,rr,10,18,0.65,0.036,55.6,9,-1.49,-0.165,44.4,9,2.14,0.237,66.7,2025-07-27
QQQ_5m,2.0,24,0.75,0.25,3.0,3,True,30,rr,"10,14",28,-0.03,-0.001,50.0,17,-1.99,-0.117,41.2,11,1.96,0.178,63.6,2025-07-27
QQQ_5m,2.0,24,0.75,0.25,3.0,3,True,60,pdh_pdl,10,1,-1.01,-1.012,0.0,1,-1.01,-1.012,0.0,0,0.0,0.0,0.0,2025-07-27
QQQ_5m,2.0,24,0.75,0.25,3.0,3,True,60,pdh_pdl,"10,14",1,-1.01,-1.012,0.0,1,-1.01,-1.012,0.0,0,0.0,0.0,0.0,2025-07-27
QQQ_5m,2.0,24,0.75,0.25,3.0,3,True,60,rr,10,12,1.31,0.109,66.7,5,-0.84,-0.168,60.0,7,2.15,0.307,71.4,2025-07-27
QQQ_5m,2.0,24,0.75,0.25,3.0,3,True,60,rr,"10,14",16,-0.46,-0.029,50.0,9,-2.6,-0.289,33.3,7,2.15,0.307,71.4,2025-07-27
QQQ_5m,2.0,24,0.75,0.25,3.0,3,False,15,pdh_pdl,10,2,-2.03,-1.013,0.0,2,-2.03,-1.013,0.0,0,0.0,0.0,0.0,2025-07-27
QQQ_5m,2.0,24,0.75,0.25,3.0,3,False,15,pdh_pdl,"10,14",5,-2.45,-0.489,20.0,5,-2.45,-0.489,20.0,0,0.0,0.0,0.0,2025-07-27
QQQ_5m,2.0,24,0.75,0.25,3.0,3,False,15,rr,10,33,-3.07,-0.093,48.5,18,-4.64,-0.258,38.9,15,1.57,0.105,60.0,2025-07-27
QQQ_5m,2.0,24,0.75,0.25,3.0,3,False,15,rr,"10,14",53,-5.27,-0.1,45.3,32,-7.73,-0.242,37.5,21,2.46,0.117,57.1,2025-07-27
QQQ_5m,2.0,24,0.75,0.25,3.0,3,False,30,pdh_pdl,10,2,-2.03,-1.013,0.0,2,-2.03,-1.013,0.0,0,0.0,0.0,0.0,2025-07-27
QQQ_5m,2.0,24,0.75,0.25,3.0,3,False,30,pdh_pdl,"10,14",5,-2.45,-0.489,20.0,5,-2.45,-0.489,20.0,0,0.0,0.0,0.0,2025-07-27
QQQ_5m,2.0,24,0.75,0.25,3.0,3,False,30,rr,10,23,1.62,0.07,56.5,11,-1.51,-0.137,45.5,12,3.13,0.261,66.7,2025-07-27
QQQ_5m,2.0,24,0.75,0.25,3.0,3,False,30,rr,"10,14",39,1.73,0.044,51.3,21,-2.28,-0.109,42.9,18,4.02,0.223,61.1,2025-07-27
QQQ_5m,2.0,24,0.75,0.25,3.0,3,False,60,pdh_pdl,10,1,-1.01,-1.012,0.0,1,-1.01,-1.012,0.0,0,0.0,0.0,0.0,2025-07-27
QQQ_5m,2.0,24,0.75,0.25,3.0,3,False,60,pdh_pdl,"10,14",1,-1.01,-1.012,0.0,1,-1.01,-1.012,0.0,0,0.0,0.0,0.0,2025-07-27
QQQ_5m,2.0,24,0.75,0.25,3.0,3,False,60,rr,10,14,1.88,0.134,64.3,6,-1.18,-0.197,50.0,8,3.06,0.383,75.0,2025-07-27
QQQ_5m,2.0,24,0.75,0.25,3.0,3,False,60,rr,"10,14",20,0.76,0.038,55.0,12,-2.3,-0.192,41.7,8,3.06,0.383,75.0,2025-07-27
